,is_fake
34059,1
10347,0
25271,1
1750,0
29550,1
39599,1
17389,0
41714,1
13876,0
7320,0
33586,1
10144,0
6416,0
43843,1
13841,0
24627,1
15504,0
26886,1
1874,0
24241,1
33591,1
44142,1
7594,0
727,0
35221,1
20060,0
2193,0
24270,1
27152,1
22913,1
15670,0
21806,1
18156,0
6799,0
3538,0
2289,0
10860,0
904,0
2702,0
24308,1
35236,1
40898,1
27529,1
36080,1
43875,1
18570,0
44052,1
6348,0
7917,0
26724,1
32187,1
33659,1
14404,0
27250,1
38832,1
37187,1
18166,0
36400,1
11742,0
30464,1
22203,1
22887,1
9476,0
40837,1
32085,1
36797,1
10803,0
10137,0
24079,1
23545,1
34689,1
9613,0
18573,0
6610,0
43131,1
13754,0
26193,1
3795,0
37609,1
37522,1
38500,1
5460,0
16739,0
25973,1
8026,0
15699,0
33456,1
41960,1
42166,1
15970,0
31286,1
6991,0
41343,1
29383,1
42735,1
17799,0
12400,0
15276,0
22786,1
13170,0
21387,0
24005,1
18026,0
25734,1
36085,1
782,0
31907,1
7105,0
16691,0
31197,1
11641,0
39319,1
21357,0
33340,1
30050,1
9153,0
19855,0
18992,0
20291,0
23328,1
38922,1
8415,0
18790,0
24730,1
29337,1
26814,1
17305,0
23426,1
36274,1
20885,0
2093,0
1395,0
6449,0
18197,0
6269,0
17982,0
39799,1
13994,0
23867,1
16553,0
29240,1
2112,0
44844,1
32082,1
25989,1
38110,1
2364,0
6652,0
7049,0
8122,0
31872,1
16240,0
38480,1
10586,0
9410,0
32128,1
8922,0
8589,0
31457,1
28305,1
33440,1
37128,1
1350,0
19982,0
12873,0
34242,1
39601,1
35600,1
14460,0
26644,1
19925,0
24673,1
15592,0
4963,0
6638,0
5228,0
36724,1
20014,0
8581,0
25223,1
37706,1
9132,0
18833,0
21437,1
37094,1
11586,0
23465,1
6486,0
20131,0
20278,0
10581,0
34210,1
4680,0
2284,0
10857,0
32070,1
2415,0
15227,0
36694,1
34588,1
27240,1
30536,1
8941,0
13088,0
34661,1
44270,1
24584,1
29802,1
34531,1
35622,1
38377,1
31720,1
1567,0
17760,0
1773,0
30617,1
11921,0
19182,0
28486,1
15880,0
24055,1
28201,1
39435,1
12557,0
37154,1
11279,0
9884,0
9525,0
9074,0
22864,1
11943,0
39248,1
28950,1
42366,1
43060,1
13317,0
8771,0
18858,0
10249,0
10861,0
2816,0
32383,1
9176,0
7375,0
37588,1
28215,1
11415,0
13204,0
3324,0
39276,1
19519,0
32851,1
14789,0
7394,0
24279,1
9422,0
12777,0
12784,0
41313,1
26395,1
36822,1
6301,0
8724,0
39090,1
4620,0
19013,0
435,0
13491,0
31221,1
3328,0
13778,0
16018,0
13279,0
10792,0
3571,0
43924,1
27232,1
41301,1
20201,0
17215,0
22272,1
31885,1
8731,0
32707,1
43446,1
39790,1
24628,1
13093,0
31505,1
19224,0
15923,0
34955,1
42840,1
6456,0
36207,1
39645,1
27864,1
5031,0
1732,0
29344,1
28559,1
5322,0
23602,1
5749,0
4443,0
44560,1
19975,0
42350,1
3670,0
14956,0
39491,1
18681,0
20799,0
35378,1
21865,1
23302,1
13940,0
43206,1
34340,1
3546,0
14439,0
35875,1
6032,0
7457,0
26758,1
35220,1
21964,1
24477,1
15878,0
9177,0
3865,0
24599,1
29816,1
17318,0
8178,0
31252,1
42586,1
35383,1
25211,1
5845,0
5386,0
37045,1
12401,0
15467,0
5270,0
3703,0
6441,0
19401,0
21160,0
21260,0
1777,0
20905,0
22843,1
23621,1
14855,0
35937,1
2087,0
11053,0
24085,1
13239,0
41078,1
27965,1
33297,1
21457,1
4015,0
36159,1
2752,0
39287,1
3049,0
11786,0
10574,0
23940,1
37749,1
9687,0
30010,1
8513,0
35725,1
23724,1
43239,1
36164,1
41091,1
28535,1
34080,1
36448,1
41780,1
25931,1
18214,0
6206,0
4314,0
4385,0
8630,0
4972,0
26053,1
25738,1
23415,1
33524,1
31577,1
10407,0
2937,0
43380,1
19488,0
38989,1
16121,0
10258,0
9671,0
4206,0
13497,0
3609,0
14267,0
38935,1
8792,0
13389,0
7805,0
3204,0
30134,1
21534,1
1125,0
37723,1
32965,1
1423,0
30951,1
44697,1
9529,0
32256,1
9096,0
40650,1
37250,1
12414,0
16676,0
34109,1
43830,1
27210,1
43556,1
6943,0
23024,1
1042,0
25074,1
19849,0
7818,0
29729,1
33968,1
21036,0
24468,1
43711,1
7324,0
3434,0
25854,1
33131,1
12155,0
19990,0
30046,1
20292,0
37478,1
43778,1
1508,0
11121,0
17415,0
13483,0
31910,1
38510,1
11930,0
21492,1
2808,0
38330,1
44027,1
21979,1
42875,1
3695,0
26112,1
33055,1
40186,1
22905,1
3429,0
17549,0
8598,0
38557,1
38384,1
3404,0
3141,0
5975,0
2039,0
3186,0
3006,0
7115,0
40716,1
27885,1
25686,1
44674,1
25282,1
30388,1
1832,0
37486,1
40635,1
20266,0
1102,0
35718,1
9002,0
5848,0
38962,1
17894,0
42085,1
41439,1
27011,1
15317,0
8507,0
310,0
12650,0
15735,0
27266,1
30191,1
30906,1
20986,0
14399,0
28076,1
40233,1
7100,0
28753,1
703,0
30554,1
13734,0
36031,1
9014,0
38336,1
36815,1
36513,1
19140,0
10591,0
4040,0
23146,1
17342,0
29264,1
1903,0
39547,1
5203,0
18481,0
21056,0
42546,1
33663,1
33685,1
34296,1
26828,1
18594,0
15408,0
19762,0
43857,1
10535,0
19004,0
13202,0
13911,0
14579,0
18495,0
22485,1
28508,1
19168,0
17406,0
37970,1
13492,0
40286,1
33627,1
18856,0
22552,1
31316,1
18743,0
17886,0
2578,0
29877,1
9248,0
13171,0
35296,1
33335,1
28044,1
20363,0
10798,0
5934,0
28158,1
12686,0
31057,1
5677,0
38930,1
26867,1
34997,1
30549,1
23808,1
44064,1
17026,0
30106,1
465,0
36880,1
34281,1
43119,1
24334,1
34660,1
27991,1
10405,0
1959,0
39800,1
19869,0
2986,0
32693,1
550,0
39926,1
1001,0
37464,1
12415,0
38883,1
3892,0
4196,0
16823,0
39132,1
16603,0
9791,0
37076,1
15665,0
41192,1
39213,1
8344,0
40667,1
40380,1
36810,1
17708,0
31950,1
28405,1
6491,0
17278,0
14057,0
27215,1
29315,1
26304,1
18042,0
28416,1
18914,0
31931,1
4159,0
18097,0
7739,0
12723,0
144,0
15893,0
36943,1
20163,0
1472,0
37580,1
22161,1
39873,1
8045,0
7231,0
23106,1
19307,0
2226,0
26904,1
18921,0
8145,0
18792,0
35352,1
2318,0
5045,0
14189,0
43508,1
21608,1
44562,1
13216,0
38646,1
25832,1
44805,1
21634,1
13605,0
5114,0
29130,1
6939,0
19603,0
12660,0
31320,1
43774,1
4433,0
6682,0
34619,1
14784,0
33525,1
15760,0
3153,0
12675,0
20483,0
37238,1
33346,1
39272,1
17239,0
34024,1
2203,0
39889,1
28951,1
34222,1
18510,0
27176,1
28104,1
28667,1
41229,1
4585,0
28132,1
15289,0
7744,0
28402,1
14947,0
43553,1
30619,1
32722,1
33275,1
13589,0
21732,1
35223,1
25337,1
38998,1
10711,0
21340,0
20834,0
34808,1
8656,0
17459,0
24828,1
19260,0
16310,0
8601,0
13234,0
12854,0
4627,0
4961,0
8020,0
22300,1
3466,0
34567,1
3362,0
8477,0
28685,1
41832,1
23750,1
25682,1
43960,1
14109,0
10318,0
16796,0
4747,0
25222,1
31934,1
30508,1
26001,1
25414,1
23391,1
12023,0
29748,1
17710,0
22088,1
5233,0
6022,0
27401,1
7826,0
24191,1
9472,0
27087,1
25009,1
1470,0
22873,1
9524,0
33845,1
30691,1
24331,1
12214,0
44317,1
11936,0
18956,0
3626,0
19978,0
43407,1
9291,0
31939,1
32286,1
43072,1
26042,1
42969,1
25079,1
14089,0
8531,0
26678,1
31018,1
29060,1
12901,0
3833,0
39381,1
2886,0
17492,0
7397,0
415,0
6620,0
3744,0
634,0
6623,0
40780,1
34216,1
34114,1
9991,0
18819,0
401,0
42128,1
38247,1
8249,0
1326,0
26298,1
13289,0
38644,1
22179,1
14497,0
21145,0
42427,1
44417,1
32317,1
38954,1
12932,0
2858,0
17525,0
33090,1
18298,0
35419,1
36721,1
8340,0
44080,1
4539,0
40280,1
19709,0
40435,1
30886,1
36649,1
5000,0
6155,0
21266,0
20295,0
11680,0
27150,1
6559,0
13848,0
19863,0
32779,1
37066,1
5085,0
8373,0
26630,1
6571,0
30980,1
30385,1
44522,1
21678,1
19020,0
28418,1
5259,0
23104,1
1524,0
42227,1
5715,0
24033,1
8489,0
18019,0
360,0
40721,1
1648,0
44350,1
25970,1
25117,1
19848,0
8782,0
27876,1
18125,0
10531,0
27665,1
35394,1
14537,0
10446,0
34525,1
38632,1
13103,0
13363,0
10285,0
27486,1
32220,1
23037,1
42716,1
23798,1
16641,0
10413,0
31801,1
16231,0
43122,1
39920,1
29074,1
10843,0
6252,0
42828,1
10519,0
31621,1
39816,1
40820,1
26772,1
34386,1
30668,1
12907,0
40084,1
14451,0
36221,1
36313,1
33169,1
13366,0
10761,0
43945,1
33650,1
16405,0
42837,1
20451,0
15883,0
12393,0
21766,1
32500,1
17965,0
12188,0
42509,1
1263,0
33128,1
2251,0
2160,0
16785,0
28841,1
32324,1
28638,1
26790,1
34304,1
43346,1
20672,0
42641,1
11668,0
22621,1
29574,1
547,0
21188,0
2757,0
20460,0
22194,1
21991,1
44670,1
4316,0
17234,0
7217,0
7371,0
42108,1
5342,0
32626,1
19189,0
5212,0
9139,0
3088,0
10541,0
23305,1
23382,1
35030,1
7216,0
36287,1
17323,0
11238,0
28899,1
8716,0
41363,1
13451,0
44691,1
16249,0
41287,1
26954,1
1345,0
41918,1
9140,0
19538,0
20340,0
3533,0
23829,1
39700,1
9945,0
37316,1
31620,1
19870,0
41852,1
15988,0
26075,1
31850,1
11763,0
30658,1
34076,1
41589,1
21773,1
3821,0
36433,1
37104,1
15928,0
33615,1
174,0
8279,0
28769,1
26781,1
23153,1
22092,1
19074,0
28043,1
31179,1
19523,0
40679,1
14338,0
9068,0
37242,1
8338,0
10928,0
42783,1
9667,0
1476,0
36304,1
33837,1
16172,0
29916,1
37853,1
3469,0
24373,1
27704,1
1882,0
41224,1
10342,0
20268,0
15693,0
6902,0
12166,0
10840,0
3622,0
24601,1
18958,0
34312,1
21293,0
33311,1
25895,1
14650,0
42073,1
22576,1
8221,0
21050,0
17374,0
44609,1
14258,0
33828,1
27098,1
814,0
8706,0
18753,0
25110,1
17339,0
13855,0
43225,1
602,0
5563,0
33945,1
25560,1
44203,1
26549,1
29348,1
13418,0
3530,0
8202,0
2969,0
1880,0
40070,1
43404,1
27466,1
44698,1
3790,0
21386,0
18126,0
25609,1
21315,0
33449,1
3248,0
24898,1
20842,0
1530,0
13393,0
33276,1
39761,1
4050,0
12084,0
14928,0
4578,0
43187,1
36446,1
25930,1
32994,1
32345,1
8225,0
26667,1
2931,0
461,0
24025,1
12621,0
31572,1
3946,0
34045,1
4395,0
5704,0
17023,0
41596,1
17463,0
36553,1
26509,1
25024,1
19645,0
30370,1
18538,0
33149,1
11441,0
25902,1
28354,1
10949,0
19475,0
20327,0
15901,0
21464,1
43930,1
41535,1
35793,1
7848,0
6138,0
15415,0
28270,1
22537,1
32919,1
5982,0
24596,1
26707,1
25719,1
18552,0
44448,1
2468,0
36956,1
29750,1
22866,1
34365,1
44872,1
12094,0
12786,0
19617,0
11873,0
41553,1
31501,1
24698,1
34320,1
34236,1
21761,1
41807,1
20819,0
40765,1
32622,1
3750,0
6500,0
35336,1
23962,1
41354,1
28973,1
39649,1
44249,1
44410,1
9398,0
3557,0
749,0
20590,0
42248,1
42613,1
24119,1
12964,0
11013,0
36329,1
28119,1
19353,0
39504,1
16958,0
26875,1
27412,1
24345,1
7914,0
643,0
39833,1
24658,1
8504,0
16461,0
24955,1
8500,0
18704,0
23504,1
28824,1
30197,1
7888,0
5294,0
28008,1
37993,1
19631,0
37984,1
33601,1
18722,0
27205,1
15671,0
30491,1
4878,0
29410,1
17118,0
7893,0
10562,0
3531,0
22949,1
21904,1
13870,0
18377,0
4048,0
37954,1
37378,1
37516,1
11476,0
31732,1
38379,1
7860,0
12413,0
34309,1
23018,1
9067,0
12398,0
32860,1
33964,1
29875,1
28453,1
42538,1
28058,1
26645,1
16613,0
13928,0
1477,0
43025,1
438,0
22983,1
21566,1
21360,0
4319,0
2799,0
13882,0
16396,0
36509,1
44145,1
40496,1
35967,1
2841,0
14748,0
37579,1
6359,0
22116,1
33175,1
21681,1
8295,0
35166,1
11629,0
949,0
33401,1
34962,1
6433,0
12381,0
40809,1
1889,0
17351,0
28858,1
43136,1
36982,1
20849,0
39855,1
29705,1
33660,1
8006,0
35676,1
37814,1
4392,0
40607,1
20311,0
12119,0
21662,1
42628,1
38565,1
18181,0
32887,1
37663,1
34322,1
28268,1
28232,1
26701,1
38671,1
828,0
22523,1
35916,1
41996,1
4257,0
10959,0
36650,1
13615,0
3264,0
25925,1
5277,0
17513,0
22435,1
3449,0
24393,1
14165,0
16474,0
33493,1
13376,0
11773,0
13984,0
21986,1
15172,0
34398,1
5514,0
32075,1
40569,1
40114,1
40968,1
28628,1
42193,1
42332,1
32793,1
3396,0
6444,0
7628,0
5540,0
36300,1
19112,0
42153,1
21501,1
25862,1
21516,1
26932,1
24530,1
4876,0
39069,1
11569,0
36899,1
36618,1
2568,0
23015,1
37422,1
6677,0
36235,1
22632,1
23995,1
6675,0
25347,1
15425,0
6358,0
24793,1
34890,1
14015,0
25781,1
4962,0
23216,1
14754,0
39502,1
37161,1
22656,1
40303,1
6307,0
11805,0
6829,0
42954,1
2760,0
44545,1
27030,1
40548,1
16386,0
44887,1
12318,0
39789,1
34556,1
21092,0
39282,1
29533,1
19420,0
14939,0
21021,0
26080,1
38050,1
69,0
37461,1
28237,1
9686,0
3223,0
16304,0
43653,1
8799,0
14308,0
7833,0
32927,1
7209,0
43759,1
17124,0
22726,1
19609,0
31777,1
35467,1
8406,0
34656,1
21113,0
40529,1
7736,0
10793,0
4741,0
18758,0
3086,0
33872,1
19942,0
24519,1
28317,1
43057,1
14978,0
31441,1
11515,0
5672,0
27540,1
36871,1
33713,1
4282,0
9255,0
44050,1
20774,0
44664,1
1523,0
1465,0
3627,0
20541,0
44690,1
16194,0
29458,1
5328,0
41696,1
34451,1
942,0
36363,1
304,0
5699,0
39673,1
31338,1
24933,1
24238,1
33439,1
12805,0
37562,1
25850,1
6525,0
24802,1
15628,0
44672,1
14615,0
20325,0
22968,1
7330,0
34081,1
42058,1
21059,0
29947,1
30306,1
28770,1
26576,1
4857,0
43976,1
16411,0
12928,0
27513,1
7696,0
17736,0
12502,0
38624,1
10486,0
32958,1
599,0
33156,1
482,0
36826,1
40487,1
7854,0
30814,1
27088,1
25339,1
11185,0
1198,0
34667,1
23556,1
24091,1
10037,0
23314,1
16053,0
5745,0
7527,0
7719,0
8921,0
13329,0
29415,1
9753,0
37264,1
7001,0
6074,0
2923,0
5420,0
11719,0
32879,1
34823,1
30338,1
13518,0
6538,0
1663,0
37979,1
19461,0
24193,1
41908,1
17918,0
14353,0
12900,0
23342,1
10207,0
14436,0
21269,0
13764,0
2990,0
36201,1
12439,0
31429,1
10507,0
16688,0
6761,0
2836,0
16541,0
13464,0
3723,0
19605,0
43201,1
11486,0
22078,1
20069,0
43547,1
11585,0
25751,1
21072,0
10893,0
26653,1
37438,1
31435,1
28959,1
29990,1
22001,1
41329,1
43487,1
21169,0
35574,1
27393,1
44624,1
29425,1
19073,0
5734,0
9974,0
32483,1
32005,1
37138,1
19594,0
35572,1
16513,0
22620,1
42146,1
42126,1
8961,0
2260,0
43359,1
38444,1
38519,1
42186,1
34599,1
39289,1
8009,0
18756,0
30146,1
13557,0
32161,1
21922,1
24813,1
39794,1
6587,0
17271,0
29478,1
9012,0
5089,0
44754,1
6495,0
39835,1
5260,0
30372,1
43579,1
24034,1
3812,0
15848,0
48,0
4122,0
7323,0
11797,0
3850,0
19824,0
8267,0
1934,0
34077,1
36545,1
16166,0
171,0
28278,1
38210,1
22702,1
5758,0
13680,0
28731,1
1793,0
34330,1
18700,0
36475,1
28309,1
13682,0
15856,0
41687,1
11510,0
34159,1
30548,1
3212,0
9016,0
23152,1
12379,0
36732,1
3590,0
28131,1
7949,0
30577,1
42693,1
43776,1
2046,0
2079,0
38226,1
29794,1
20620,0
33100,1
22898,1
20185,0
20136,0
859,0
16342,0
22972,1
3110,0
43799,1
22091,1
41257,1
31595,1
44170,1
15298,0
4710,0
8886,0
10136,0
30233,1
43442,1
42658,1
34381,1
40189,1
7959,0
41733,1
19572,0
21133,0
3188,0
43488,1
22800,1
3304,0
34484,1
3941,0
12774,0
22432,1
28195,1
24865,1
24761,1
26674,1
6216,0
29745,1
36771,1
10654,0
27718,1
37093,1
16825,0
42122,1
36705,1
27381,1
2531,0
11362,0
31517,1
12129,0
34257,1
31087,1
35856,1
38311,1
40973,1
34103,1
30316,1
36228,1
13930,0
39249,1
11444,0
4383,0
16199,0
37638,1
38789,1
27330,1
33562,1
28677,1
39245,1
4816,0
30058,1
20701,0
20745,0
22322,1
13992,0
20043,0
6696,0
35580,1
23254,1
2257,0
2073,0
24655,1
24268,1
7502,0
20215,0
41251,1
38172,1
36490,1
26982,1
31116,1
11806,0
29700,1
43794,1
14434,0
30773,1
28817,1
28068,1
18314,0
12456,0
35171,1
20911,0
21905,1
40645,1
15614,0
7955,0
26200,1
9927,0
22608,1
41474,1
11511,0
17831,0
37455,1
40079,1
4789,0
41386,1
2509,0
9992,0
14167,0
39241,1
38451,1
40699,1
31281,1
15925,0
31134,1
18442,0
34341,1
18707,0
26737,1
44305,1
13002,0
15091,0
4630,0
26741,1
864,0
16665,0
28829,1
26022,1
19410,0
4424,0
35277,1
28592,1
43605,1
18341,0
7319,0
7653,0
5785,0
20908,0
42165,1
3643,0
23255,1
16314,0
19830,0
36284,1
6489,0
1174,0
31035,1
41255,1
16850,0
9825,0
12637,0
17157,0
33574,1
375,0
30516,1
37276,1
35881,1
6105,0
15623,0
31037,1
16001,0
12919,0
12025,0
4704,0
12610,0
22595,1
2240,0
21875,1
29888,1
41016,1
4100,0
32179,1
5333,0
9956,0
39115,1
32557,1
12572,0
17154,0
2412,0
38338,1
41067,1
1841,0
17242,0
5047,0
17409,0
2391,0
224,0
40053,1
13368,0
5092,0
36508,1
29496,1
2689,0
14377,0
8754,0
44619,1
17607,0
20471,0
41809,1
32353,1
27115,1
19821,0
38163,1
2265,0
3732,0
42028,1
41054,1
40094,1
418,0
14850,0
11651,0
1871,0
40338,1
18955,0
14719,0
20876,0
42051,1
42402,1
30827,1
11043,0
11828,0
22728,1
44837,1
27414,1
16909,0
12896,0
19599,0
17375,0
28567,1
12659,0
16071,0
30730,1
5139,0
41114,1
10538,0
2881,0
16829,0
20899,0
2450,0
31287,1
17543,0
43063,1
20140,0
10898,0
11354,0
23100,1
40034,1
34535,1
26175,1
16091,0
22386,1
38957,1
2939,0
3114,0
42310,1
6913,0
20151,0
42647,1
4544,0
37134,1
20484,0
18920,0
25774,1
12152,0
40997,1
24454,1
37603,1
8087,0
11040,0
42242,1
23969,1
14335,0
7333,0
17839,0
33702,1
25687,1
35962,1
4737,0
21347,0
8127,0
41672,1
42701,1
41481,1
7768,0
42428,1
26197,1
2622,0
28790,1
17721,0
26366,1
7743,0
38897,1
14168,0
37745,1
21562,1
35235,1
3659,0
8883,0
2772,0
1626,0
27545,1
25494,1
36664,1
31984,1
29690,1
37126,1
37529,1
31212,1
39485,1
6878,0
35076,1
21447,1
3778,0
38487,1
19077,0
9115,0
33590,1
36804,1
42262,1
4768,0
19196,0
15333,0
31433,1
43891,1
9966,0
3930,0
14415,0
24600,1
9175,0
44696,1
37172,1
23834,1
11822,0
35764,1
29937,1
14901,0
37890,1
31826,1
1814,0
23706,1
28516,1
7017,0
1243,0
8708,0
10966,0
8100,0
10820,0
24060,1
6656,0
43684,1
13516,0
41867,1
14161,0
17469,0
14522,0
26420,1
19777,0
2934,0
25432,1
6876,0
4003,0
789,0
23673,1
25853,1
16552,0
2408,0
24751,1
28330,1
36002,1
28575,1
7756,0
27994,1
32816,1
31095,1
6215,0
44617,1
31454,1
44720,1
19866,0
32308,1
29245,1
33077,1
27141,1
25431,1
42993,1
20598,0
624,0
927,0
20649,0
21341,0
35385,1
22421,1
2121,0
16345,0
20143,0
15048,0
11363,0
36589,1
38179,1
28755,1
41384,1
772,0
27295,1
17822,0
36710,1
3921,0
31250,1
32004,1
29904,1
39860,1
5592,0
35413,1
43571,1
32367,1
42002,1
15453,0
31060,1
7522,0
1828,0
32003,1
3952,0
36823,1
16050,0
2546,0
19256,0
7422,0
27031,1
17727,0
23476,1
38737,1
28290,1
7339,0
19060,0
4662,0
44744,1
1915,0
24581,1
9549,0
41499,1
6181,0
6072,0
9425,0
35709,1
18888,0
16462,0
7640,0
2349,0
16787,0
26538,1
29809,1
25906,1
17161,0
36321,1
44364,1
16573,0
23932,1
9632,0
38740,1
33825,1
25005,1
44426,1
4804,0
576,0
8509,0
12251,0
8180,0
31,0
21102,0
262,0
27048,1
38984,1
35871,1
35547,1
36681,1
13527,0
17134,0
31594,1
27185,1
13550,0
10444,0
661,0
42635,1
12300,0
26907,1
14021,0
26650,1
2671,0
22051,1
36277,1
17241,0
19496,0
21176,0
13285,0
37057,1
26847,1
44109,1
1749,0
8955,0
41178,1
36733,1
12031,0
2078,0
24432,1
15343,0
8423,0
22685,1
39597,1
8227,0
33472,1
27013,1
33900,1
16873,0
43328,1
11052,0
8980,0
24265,1
34819,1
39246,1
18815,0
26844,1
17753,0
85,0
1659,0
39935,1
5679,0
660,0
40028,1
27834,1
3674,0
44659,1
10143,0
8001,0
36404,1
27026,1
31289,1
29022,1
2742,0
27944,1
5407,0
26150,1
26465,1
25669,1
22049,1
842,0
36495,1
5928,0
16793,0
39828,1
27161,1
520,0
44627,1
15448,0
29527,1
23821,1
38432,1
24741,1
13327,0
2210,0
21331,0
37526,1
2291,0
10324,0
20864,0
20226,0
748,0
17921,0
3708,0
26834,1
39515,1
21536,1
20279,0
33871,1
5862,0
19606,0
12666,0
61,0
7332,0
2726,0
22562,1
31419,1
37201,1
3380,0
43051,1
2283,0
25236,1
1179,0
37593,1
34235,1
25474,1
24372,1
33743,1
39915,1
20639,0
2003,0
31026,1
20233,0
3728,0
5762,0
37715,1
36697,1
11061,0
29064,1
37841,1
36151,1
5505,0
22055,1
37634,1
18381,0
832,0
32271,1
12018,0
36969,1
3996,0
30842,1
20931,0
319,0
21664,1
42498,1
28945,1
13150,0
7779,0
5833,0
7091,0
34841,1
24172,1
21411,0
37612,1
44066,1
33576,1
37568,1
20539,0
33299,1
38854,1
5774,0
28589,1
30422,1
15682,0
13195,0
30092,1
43160,1
3363,0
1926,0
23838,1
44294,1
14129,0
35982,1
8463,0
44284,1
1015,0
10346,0
29169,1
16710,0
30843,1
3932,0
21559,1
22989,1
37237,1
42454,1
41593,1
16847,0
30767,1
19147,0
22649,1
5587,0
4325,0
28716,1
19964,0
3144,0
34821,1
30158,1
38734,1
20137,0
40199,1
33084,1
827,0
10675,0
40150,1
43482,1
5973,0
16508,0
43137,1
22791,1
41979,1
23322,1
42149,1
10822,0
34094,1
17559,0
24925,1
29648,1
26171,1
19746,0
3478,0
3,0
43626,1
38899,1
26066,1
11041,0
125,0
5080,0
32691,1
2908,0
25189,1
37004,1
32632,1
6188,0
689,0
3847,0
37623,1
7421,0
21837,1
99,0
8400,0
19172,0
43058,1
6723,0
42655,1
1031,0
16798,0
40434,1
22686,1
41466,1
31230,1
32847,1
4334,0
42240,1
35473,1
18642,0
10243,0
41879,1
18380,0
42476,1
33137,1
22012,1
16501,0
4488,0
1065,0
13718,0
13587,0
27957,1
14240,0
29052,1
40166,1
43088,1
17319,0
10175,0
43334,1
5009,0
2617,0
27831,1
44825,1
15447,0
23487,1
37167,1
16682,0
44389,1
2069,0
40057,1
8685,0
19641,0
30792,1
35593,1
32674,1
44780,1
9015,0
44859,1
39050,1
13856,0
14181,0
6562,0
24401,1
13314,0
35914,1
43395,1
879,0
41772,1
13479,0
12418,0
39119,1
35919,1
30975,1
32621,1
12608,0
24622,1
4017,0
223,0
4642,0
9203,0
28339,1
35922,1
37160,1
42288,1
8719,0
26931,1
16464,0
9198,0
28000,1
2652,0
19828,0
4374,0
2957,0
6810,0
1285,0
34445,1
10796,0
37781,1
35529,1
37009,1
2992,0
6199,0
26287,1
14594,0
36619,1
189,0
43144,1
6853,0
12744,0
34581,1
32074,1
11933,0
18808,0
32091,1
22449,1
22860,1
7165,0
28812,1
15734,0
21993,1
24487,1
27627,1
33288,1
10367,0
20300,0
1877,0
11837,0
11096,0
25661,1
9092,0
33229,1
18843,0
28136,1
26337,1
9904,0
18222,0
43443,1
32446,1
31351,1
5511,0
43356,1
2286,0
37929,1
11386,0
8806,0
14779,0
11748,0
36728,1
11931,0
24977,1
9039,0
12469,0
21104,0
24032,1
30022,1
18500,0
33452,1
1886,0
28467,1
17920,0
12872,0
14288,0
28547,1
10957,0
12378,0
34572,1
28980,1
23663,1
28258,1
37831,1
34200,1
16843,0
19400,0
24827,1
16865,0
39231,1
30037,1
34922,1
38666,1
28884,1
13961,0
28586,1
18491,0
2312,0
6553,0
23427,1
14661,0
36561,1
39052,1
14574,0
31407,1
19311,0
34515,1
38623,1
8450,0
33891,1
3757,0
40614,1
24049,1
33110,1
18780,0
31829,1
376,0
23402,1
30357,1
25805,1
2172,0
43767,1
41246,1
20707,0
16755,0
35281,1
24986,1
43882,1
21857,1
120,0
24287,1
36704,1
1668,0
25936,1
30570,1
23786,1
665,0
4730,0
16512,0
40520,1
18740,0
27666,1
41206,1
3552,0
43069,1
9053,0
28995,1
19071,0
2870,0
17682,0
1361,0
20755,0
43224,1
34933,1
16948,0
11186,0
9257,0
11606,0
41561,1
4090,0
18272,0
12548,0
4788,0
28726,1
19874,0
23599,1
7425,0
37914,1
6706,0
7920,0
9414,0
4943,0
18408,0
10326,0
26837,1
1429,0
29021,1
15676,0
28320,1
24300,1
17703,0
28229,1
35197,1
6815,0
4394,0
22897,1
10880,0
25354,1
13943,0
31914,1
15643,0
35506,1
4894,0
9679,0
40056,1
38946,1
10101,0
33710,1
34465,1
31324,1
15729,0
1689,0
3356,0
35846,1
12332,0
28756,1
195,0
7586,0
31387,1
32754,1
8514,0
3504,0
295,0
30426,1
16704,0
38268,1
4937,0
3371,0
7989,0
35972,1
13553,0
23966,1
1751,0
37416,1
11875,0
14405,0
32236,1
23261,1
4832,0
21588,1
21291,0
20294,0
30142,1
8177,0
20254,0
6678,0
30150,1
25401,1
945,0
5706,0
44623,1
41455,1
3948,0
5145,0
23252,1
25027,1
38308,1
7367,0
3666,0
874,0
29377,1
5659,0
34023,1
20924,0
27444,1
34559,1
25266,1
1722,0
27065,1
18348,0
17793,0
21388,0
39410,1
33444,1
3687,0
36079,1
10778,0
4229,0
24495,1
34026,1
23489,1
26122,1
4781,0
2464,0
13801,0
23805,1
25283,1
37227,1
11124,0
27610,1
6499,0
1057,0
3730,0
40971,1
16133,0
28332,1
23703,1
41771,1
24540,1
8548,0
14316,0
6107,0
22950,1
41157,1
18986,0
16708,0
28026,1
14012,0
21017,0
27136,1
25732,1
29892,1
21519,1
43641,1
10943,0
10558,0
16898,0
10355,0
30646,1
5219,0
10673,0
13127,0
31869,1
27402,1
14148,0
11,0
16903,0
15231,0
27559,1
6459,0
15743,0
22305,1
20749,0
25503,1
25876,1
25787,1
42138,1
23495,1
17679,0
17709,0
4777,0
3678,0
7529,0
3781,0
22278,1
39903,1
22750,1
6824,0
42430,1
35577,1
29183,1
36542,1
38704,1
44018,1
35228,1
3111,0
39387,1
21733,1
15004,0
38295,1
24125,1
29589,1
16816,0
40734,1
16899,0
24175,1
8403,0
16394,0
15285,0
194,0
7250,0
44316,1
42385,1
32645,1
22430,1
28969,1
18534,0
15791,0
11494,0
39765,1
29861,1
35866,1
37931,1
42790,1
35988,1
6977,0
31300,1
13843,0
13773,0
2426,0
38781,1
37983,1
8632,0
26555,1
23648,1
24610,1
6271,0
24490,1
13181,0
7688,0
19157,0
33517,1
30538,1
23341,1
20448,0
9142,0
28363,1
12032,0
41282,1
23619,1
2491,0
39740,1
38185,1
23993,1
43517,1
42548,1
20975,0
17804,0
38316,1
27468,1
3171,0
11492,0
41320,1
30871,1
30898,1
8620,0
7678,0
44148,1
36074,1
39363,1
21801,1
695,0
5997,0
19144,0
24245,1
6473,0
40089,1
10887,0
15906,0
6996,0
10950,0
12672,0
30849,1
19498,0
29179,1
9230,0
5627,0
27661,1
25434,1
32805,1
6023,0
33443,1
22855,1
3120,0
27577,1
41052,1
41955,1
23638,1
16907,0
38369,1
18907,0
30667,1
1400,0
41082,1
29773,1
17367,0
16183,0
16253,0
35275,1
11134,0
26652,1
15267,0
44096,1
22910,1
35219,1
12758,0
30417,1
5726,0
13242,0
7205,0
35113,1
18058,0
3241,0
4115,0
4526,0
2801,0
44045,1
35194,1
9668,0
7602,0
34249,1
17479,0
34264,1
39540,1
30974,1
12614,0
25395,1
41374,1
2665,0
36331,1
28774,1
43223,1
5135,0
22228,1
27309,1
33119,1
35331,1
730,0
26712,1
26020,1
35091,1
11151,0
38654,1
23337,1
5172,0
3617,0
6415,0
1974,0
36147,1
8662,0
44251,1
34382,1
8666,0
3753,0
23401,1
36850,1
31794,1
10461,0
1409,0
40518,1
944,0
22126,1
630,0
16128,0
23607,1
4047,0
17603,0
9358,0
10053,0
20306,0
43683,1
23492,1
29195,1
18902,0
34914,1
39398,1
12322,0
44721,1
29204,1
42342,1
22657,1
24083,1
18067,0
39081,1
9451,0
39388,1
12850,0
5261,0
419,0
28424,1
11213,0
5644,0
24470,1
1106,0
8062,0
42765,1
7664,0
20601,0
43592,1
5368,0
17137,0
32350,1
3442,0
5134,0
35349,1
44242,1
9503,0
28669,1
39477,1
25328,1
41894,1
2015,0
38947,1
18545,0
36884,1
35116,1
23784,1
26157,1
4603,0
40144,1
26561,1
38908,1
7225,0
23943,1
15241,0
192,0
24607,1
17396,0
15168,0
18011,0
33265,1
26406,1
14200,0
8934,0
43391,1
8845,0
12841,0
31753,1
34006,1
35403,1
23287,1
104,0
25111,1
39607,1
44168,1
9242,0
15165,0
28062,1
1273,0
27563,1
30637,1
33244,1
1971,0
35732,1
10201,0
18180,0
36391,1
11857,0
20354,0
26525,1
25257,1
23539,1
35666,1
13390,0
38082,1
41184,1
26030,1
1737,0
19324,0
40025,1
8668,0
32987,1
37868,1
37708,1
40989,1
36341,1
9883,0
11646,0
6728,0
24062,1
25839,1
39022,1
25353,1
40957,1
8557,0
28025,1
22456,1
23270,1
42228,1
13109,0
4559,0
8868,0
3448,0
33041,1
13180,0
12039,0
40788,1
4685,0
8341,0
15825,0
14293,0
19058,0
21585,1
38959,1
15171,0
10290,0
31409,1
25274,1
17768,0
34153,1
2410,0
44680,1
33480,1
14893,0
28003,1
2077,0
15973,0
38490,1
24115,1
2310,0
32972,1
16895,0
9143,0
8554,0
2976,0
44017,1
26615,1
15516,0
36762,1
42977,1
32379,1
36761,1
30029,1
23800,1
35205,1
2444,0
2684,0
19712,0
43062,1
27898,1
11364,0
24917,1
17125,0
41739,1
19983,0
39764,1
14716,0
28005,1
4656,0
12510,0
43559,1
10426,0
35102,1
16483,0
7127,0
30374,1
5770,0
20103,0
17557,0
41087,1
42423,1
10965,0
10378,0
3755,0
33398,1
4688,0
26415,1
21058,0
43565,1
846,0
17999,0
26493,1
7669,0
31864,1
41077,1
9346,0
41230,1
3341,0
41464,1
39374,1
41690,1
25042,1
22270,1
7621,0
27244,1
11264,0
38849,1
15216,0
38865,1
21780,1
23372,1
29650,1
14202,0
9130,0
4581,0
29513,1
33698,1
33860,1
23753,1
16177,0
19886,0
1589,0
6477,0
25400,1
21352,0
13080,0
20160,0
28373,1
27975,1
5946,0
32855,1
43465,1
4631,0
19096,0
14785,0
29182,1
44137,1
4792,0
9623,0
44212,1
35887,1
35935,1
2321,0
37759,1
28839,1
18807,0
2500,0
10450,0
29582,1
13931,0
2935,0
14245,0
6681,0
5204,0
16465,0
9080,0
22157,1
21942,1
26841,1
17423,0
5287,0
15945,0
44228,1
30702,1
34697,1
19327,0
7163,0
20122,0
30659,1
31852,1
14286,0
39144,1
22451,1
15911,0
10337,0
34780,1
31820,1
11869,0
1461,0
6142,0
6640,0
11099,0
31388,1
35129,1
35138,1
35062,1
6140,0
34551,1
5104,0
28954,1
5521,0
19105,0
23239,1
11673,0
31449,1
29803,1
13974,0
2765,0
32840,1
35755,1
30933,1
37499,1
17237,0
18619,0
7359,0
16013,0
17222,0
16180,0
1022,0
41024,1
29150,1
39831,1
32420,1
12339,0
12045,0
10072,0
10530,0
30326,1
39775,1
42429,1
4208,0
14195,0
2791,0
9272,0
27727,1
34423,1
9319,0
22472,1
6636,0
21093,0
19005,0
9588,0
44506,1
15028,0
35201,1
38661,1
41181,1
38855,1
31524,1
28644,1
34712,1
5503,0
43885,1
11216,0
8545,0
39500,1
2804,0
23034,1
31968,1
36885,1
24989,1
30319,1
35396,1
32307,1
35965,1
21416,0
8232,0
3558,0
14917,0
26403,1
40050,1
40525,1
10642,0
30395,1
4853,0
10524,0
38788,1
30542,1
7407,0
33829,1
12821,0
2597,0
29081,1
39373,1
29428,1
6647,0
41144,1
22316,1
11109,0
12353,0
14028,0
21758,1
29634,1
14265,0
633,0
28375,1
3339,0
23296,1
15262,0
30825,1
26188,1
5572,0
34585,1
8156,0
32992,1
5991,0
11652,0
38692,1
11440,0
37630,1
2244,0
2025,0
31222,1
1544,0
30879,1
30167,1
17873,0
36048,1
9101,0
44883,1
37419,1
34032,1
29815,1
25974,1
23256,1
22238,1
42805,1
25196,1
40003,1
6395,0
28821,1
4140,0
25118,1
30709,1
15605,0
27956,1
22457,1
12974,0
14679,0
25705,1
25088,1
12071,0
36979,1
31860,1
13291,0
32127,1
19237,0
5799,0
3330,0
24832,1
12934,0
29436,1
43357,1
13650,0
42864,1
40396,1
1061,0
42182,1
28115,1
26745,1
13402,0
44330,1
37022,1
4757,0
29593,1
11884,0
29831,1
20880,0
18751,0
19343,0
92,0
882,0
7783,0
38559,1
36537,1
34427,1
11469,0
15273,0
17138,0
23166,1
18557,0
3003,0
5520,0
32788,1
23417,1
17341,0
40805,1
9329,0
38720,1
35361,1
13716,0
6621,0
21131,0
27732,1
17759,0
15573,0
9386,0
24333,1
7077,0
12858,0
39220,1
23949,1
40515,1
18687,0
34324,1
33521,1
14359,0
11867,0
31678,1
30592,1
34745,1
21513,1
30531,1
37861,1
7711,0
17826,0
7056,0
34185,1
7643,0
38178,1
2451,0
19514,0
15056,0
11322,0
18520,0
9326,0
2745,0
3594,0
28449,1
28121,1
28894,1
36110,1
43623,1
17410,0
28904,1
37256,1
23600,1
34454,1
39737,1
36525,1
18364,0
3306,0
4207,0
42911,1
32143,1
36692,1
11054,0
43994,1
39953,1
4062,0
12014,0
43179,1
29787,1
2619,0
11538,0
12196,0
35806,1
27419,1
12622,0
21237,0
34036,1
13453,0
42220,1
2585,0
26492,1
207,0
44079,1
22583,1
28699,1
31402,1
27717,1
26452,1
23378,1
39166,1
3027,0
34254,1
27841,1
26501,1
812,0
9871,0
15403,0
30068,1
4148,0
18693,0
37056,1
27970,1
5238,0
33187,1
43563,1
13600,0
33063,1
11868,0
42932,1
35899,1
8931,0
5076,0
4296,0
25325,1
3743,0
1734,0
5252,0
34298,1
3663,0
37830,1
27184,1
31841,1
36767,1
16720,0
24259,1
22535,1
31494,1
5757,0
37471,1
26688,1
28702,1
30575,1
9121,0
21740,1
39190,1
31736,1
31741,1
39394,1
16146,0
41355,1
16883,0
288,0
9629,0
35996,1
18508,0
20206,0
2377,0
11055,0
2401,0
27120,1
25489,1
29509,1
1091,0
21816,1
21754,1
42062,1
24435,1
20288,0
5886,0
23135,1
37373,1
8125,0
23520,1
15438,0
24067,1
34639,1
1733,0
23561,1
41280,1
13748,0
5647,0
35993,1
898,0
30641,1
201,0
44174,1
28130,1
31908,1
27123,1
3910,0
11100,0
29039,1
25262,1
32168,1
29720,1
38728,1
9005,0
6919,0
21685,1
26357,1
32614,1
3419,0
40843,1
12247,0
18513,0
32198,1
31146,1
39236,1
35544,1
20356,0
14255,0
7041,0
40744,1
17055,0
44377,1
9090,0
39371,1
205,0
41723,1
8964,0
31231,1
33427,1
19359,0
43171,1
40958,1
18382,0
23170,1
23184,1
38209,1
31730,1
10862,0
9656,0
40563,1
1938,0
12782,0
17983,0
646,0
6446,0
23054,1
6667,0
9878,0
24087,1
38544,1
16139,0
19687,0
28396,1
23500,1
1388,0
31398,1
7648,0
594,0
5274,0
34228,1
19659,0
26901,1
31323,1
31662,1
15148,0
21803,1
36326,1
25545,1
12682,0
1806,0
11028,0
2441,0
13836,0
16511,0
9745,0
3884,0
13512,0
24354,1
27972,1
12384,0
15640,0
21206,0
24421,1
13784,0
8795,0
43075,1
27389,1
21564,1
26776,1
39126,1
17211,0
36873,1
15259,0
18092,0
22698,1
12043,0
39639,1
37360,1
20245,0
11131,0
25279,1
3565,0
1679,0
42362,1
10300,0
16037,0
4440,0
1450,0
6452,0
16142,0
38381,1
37175,1
2031,0
28128,1
1324,0
7545,0
5300,0
29370,1
21289,0
31309,1
22182,1
23420,1
24750,1
40157,1
36255,1
28378,1
35486,1
32365,1
41777,1
21866,1
30660,1
20934,0
38256,1
14562,0
32747,1
23847,1
21753,1
43218,1
762,0
21234,0
2115,0
16246,0
35974,1
29306,1
14229,0
41149,1
40912,1
40972,1
24362,1
8971,0
24285,1
34629,1
35078,1
23275,1
11770,0
11902,0
21099,0
44847,1
32063,1
5358,0
40914,1
29327,1
34816,1
18497,0
13693,0
16473,0
40991,1
7609,0
14557,0
7990,0
39872,1
11232,0
28910,1
20081,0
13394,0
40463,1
5612,0
37778,1
41817,1
26233,1
18340,0
37642,1
30365,1
34726,1
8425,0
40659,1
39316,1
43631,1
5254,0
29757,1
7360,0
7061,0
27112,1
20787,0
34471,1
22081,1
14382,0
36386,1
8797,0
999,0
14176,0
34993,1
28907,1
2974,0
26606,1
21296,0
7200,0
29730,1
26018,1
29522,1
3061,0
31886,1
24841,1
18716,0
3040,0
44253,1
25424,1
13125,0
13241,0
25163,1
10774,0
39561,1
36449,1
41448,1
13792,0
7206,0
44189,1
42234,1
43148,1
40389,1
29142,1
20368,0
276,0
13051,0
15929,0
19662,0
38508,1
21125,0
34624,1
7800,0
38227,1
28174,1
408,0
34498,1
32375,1
28479,1
26131,1
11379,0
26732,1
4989,0
14592,0
20605,0
4828,0
35665,1
42280,1
31234,1
17386,0
26703,1
23118,1
12402,0
41235,1
8157,0
5971,0
41113,1
29567,1
3255,0
24392,1
29786,1
31853,1
28686,1
37998,1
12236,0
23953,1
43331,1
42621,1
36769,1
17102,0
22842,1
31372,1
42986,1
7856,0
32200,1
40048,1
35701,1
29946,1
5339,0
24173,1
6211,0
29955,1
9182,0
27053,1
18112,0
41296,1
11114,0
42953,1
30704,1
20285,0
10990,0
544,0
10846,0
4205,0
40470,1
43911,1
42818,1
43324,1
29699,1
41112,1
38177,1
21149,0
14803,0
29501,1
37284,1
32607,1
18332,0
2927,0
4531,0
1908,0
5433,0
34754,1
25824,1
25170,1
18049,0
6950,0
35717,1
3443,0
8433,0
36676,1
33773,1
33047,1
18208,0
20039,0
41349,1
16313,0
28244,1
33974,1
34591,1
19186,0
18742,0
44653,1
35719,1
37555,1
30483,1
1691,0
28372,1
234,0
44222,1
21277,0
22286,1
33747,1
12258,0
1083,0
28683,1
29536,1
3922,0
32248,1
23841,1
27375,1
18579,0
16328,0
21661,1
30136,1
28715,1
13011,0
24545,1
11327,0
6225,0
8541,0
28646,1
13372,0
15892,0
8397,0
26478,1
3973,0
40247,1
7728,0
39110,1
41980,1
19771,0
16970,0
15593,0
18659,0
33595,1
27678,1
8149,0
15175,0
41369,1
15191,0
43709,1
21529,1
36798,1
16822,0
19884,0
20679,0
2852,0
15557,0
15924,0
17784,0
19967,0
28090,1
8022,0
16554,0
1101,0
27329,1
9608,0
35258,1
9838,0
20537,0
30082,1
12329,0
11886,0
23727,1
5727,0
40806,1
3193,0
778,0
7135,0
33953,1
29578,1
17360,0
37641,1
36030,1
25006,1
23258,1
16510,0
21114,0
23289,1
20355,0
29736,1
42457,1
30359,1
8604,0
506,0
31599,1
31851,1
6288,0
14669,0
11707,0
38363,1
6940,0
28860,1
22132,1
11304,0
5489,0
23628,1
35256,1
34161,1
26211,1
25031,1
13248,0
9488,0
5180,0
19403,0
32175,1
15349,0
14225,0
17252,0
38176,1
28659,1
211,0
43358,1
43675,1
36515,1
32555,1
43796,1
2783,0
39261,1
10668,0
34113,1
19651,0
43886,1
41141,1
38709,1
29187,1
31928,1
1619,0
8142,0
13832,0
40987,1
12647,0
16705,0
37825,1
13203,0
2788,0
28778,1
26604,1
1389,0
25387,1
32055,1
22216,1
38680,1
19044,0
24169,1
34636,1
14060,0
28206,1
18727,0
20389,0
31093,1
33611,1
17794,0
30230,1
11221,0
37971,1
14569,0
24971,1
32778,1
4771,0
20125,0
44742,1
6075,0
4610,0
40126,1
10056,0
11460,0
5716,0
13308,0
36564,1
6841,0
29360,1
1656,0
40856,1
3196,0
30300,1
30751,1
12027,0
6530,0
12629,0
1919,0
41377,1
39317,1
5296,0
14036,0
33551,1
29965,1
16044,0
7069,0
21838,1
7185,0
12086,0
14236,0
5202,0
27384,1
16108,0
23161,1
27714,1
5922,0
25852,1
17796,0
2387,0
32600,1
9232,0
1999,0
40606,1
43188,1
44828,1
16391,0
28093,1
19151,0
25829,1
33657,1
9078,0
15484,0
2605,0
40208,1
9168,0
33754,1
31810,1
26722,1
7086,0
16928,0
38675,1
2793,0
27541,1
11980,0
17749,0
19480,0
37158,1
10870,0
29339,1
41981,1
140,0
42710,1
34519,1
6040,0
6081,0
19219,0
29317,1
32559,1
9052,0
20332,0
11596,0
30441,1
13071,0
20969,0
42717,1
31023,1
31185,1
9942,0
40545,1
8715,0
40254,1
11726,0
4203,0
12879,0
44058,1
31004,1
37330,1
23737,1
885,0
25857,1
30559,1
30681,1
38193,1
43928,1
41443,1
26039,1
34809,1
2685,0
25761,1
32253,1
34897,1
20454,0
4153,0
35189,1
9612,0
26531,1
32966,1
2365,0
11847,0
31484,1
11775,0
26952,1
12234,0
8461,0
16207,0
5671,0
13952,0
7845,0
10953,0
24835,1
3298,0
7296,0
7468,0
31951,1
24108,1
35509,1
17061,0
5469,0
3083,0
25879,1
20872,0
32327,1
38121,1
35149,1
18697,0
10387,0
947,0
34903,1
29302,1
2421,0
18738,0
31244,1
30627,1
33903,1
23880,1
650,0
14244,0
30043,1
3082,0
2759,0
7099,0
35839,1
24522,1
19607,0
28865,1
606,0
3103,0
1849,0
35505,1
5624,0
30755,1
12906,0
36789,1
16972,0
44072,1
12662,0
3718,0
32640,1
39062,1
27353,1
43509,1
20322,0
18977,0
32213,1
40061,1
29128,1
33277,1
36870,1
20770,0
22104,1
16080,0
7177,0
32250,1
37204,1
14194,0
42636,1
38690,1
28987,1
6150,0
35058,1
15956,0
257,0
16775,0
53,0
5012,0
43752,1
31831,1
2720,0
33338,1
10522,0
34586,1
29239,1
34060,1
2454,0
43837,1
959,0
22691,1
41292,1
10374,0
25791,1
4313,0
29402,1
36595,1
41698,1
25415,1
28711,1
38950,1
15070,0
15835,0
10209,0
39095,1
47,0
41043,1
31027,1
16919,0
29512,1
12867,0
41942,1
44565,1
21635,1
32316,1
18671,0
15510,0
40937,1
21716,1
22167,1
16877,0
31647,1
27948,1
22946,1
7248,0
41820,1
41792,1
12969,0
20814,0
13444,0
28709,1
18315,0
31267,1
36009,1
25324,1
12680,0
43949,1
5194,0
9260,0
22545,1
23194,1
22847,1
33884,1
774,0
36860,1
36292,1
30717,1
20123,0
24876,1
35559,1
7386,0
44293,1
29675,1
6780,0
21739,1
16041,0
5907,0
15239,0
9366,0
24656,1
9093,0
29032,1
16230,0
32990,1
32825,1
29366,1
41037,1
34492,1
15457,0
2103,0
41871,1
28961,1
28762,1
10214,0
592,0
44612,1
37973,1
39554,1
16380,0
21510,1
38113,1
7974,0
6038,0
42357,1
12080,0
42113,1
23160,1
10467,0
19945,0
18891,0
22652,1
26462,1
15691,0
19577,0
31256,1
38157,1
19707,0
13399,0
3477,0
15881,0
6910,0
5327,0
29742,1
6875,0
33745,1
26979,1
3849,0
29173,1
44566,1
4537,0
1864,0
37936,1
40083,1
15801,0
42015,1
15781,0
33531,1
2153,0
13462,0
44159,1
22191,1
3997,0
2506,0
18550,0
15962,0
11244,0
15508,0
12940,0
37945,1
7498,0
15280,0
34851,1
42473,1
1305,0
10956,0
16711,0
21264,0
42707,1
23435,1
4084,0
24140,1
25811,1
4649,0
1256,0
28087,1
26426,1
11619,0
19136,0
7933,0
2378,0
40512,1
8072,0
31994,1
19277,0
33446,1
15080,0
16592,0
19274,0
5379,0
7361,0
42500,1
42560,1
41002,1
25112,1
6178,0
14879,0
6110,0
566,0
30035,1
31245,1
22387,1
43839,1
29687,1
33808,1
1277,0
15324,0
7960,0
22611,1
27102,1
6814,0
8029,0
43264,1
34494,1
44708,1
10644,0
3749,0
1098,0
13070,0
2997,0
6858,0
18674,0
4006,0
36968,1
26281,1
17075,0
1442,0
26966,1
8407,0
11620,0
3238,0
4365,0
27605,1
33091,1
27851,1
27755,1
12345,0
10297,0
24823,1
24288,1
41651,1
26598,1
1954,0
11533,0
44532,1
43354,1
29013,1
4133,0
37517,1
23070,1
14309,0
28133,1
36102,1
24866,1
28849,1
16920,0
29192,1
10145,0
26392,1
22232,1
6865,0
41099,1
7335,0
40194,1
38223,1
22743,1
20468,0
37297,1
29638,1
44509,1
9669,0
41365,1
20992,0
11267,0
6994,0
23202,1
5998,0
1980,0
17440,0
35494,1
30400,1
23377,1
28272,1
29061,1
7601,0
6604,0
3131,0
20024,0
17210,0
42858,1
3853,0
44437,1
16220,0
10013,0
9683,0
21650,1
37509,1
27495,1
29592,1
38545,1
8375,0
38175,1
36,0
1660,0
19817,0
19535,0
15464,0
16144,0
30632,1
27629,1
34044,1
13965,0
38026,1
7597,0
14895,0
39098,1
34707,1
37622,1
4905,0
41676,1
10616,0
6730,0
11841,0
18922,0
12075,0
34385,1
5014,0
41133,1
17072,0
43027,1
29987,1
25480,1
26116,1
12113,0
40237,1
11643,0
37320,1
1352,0
13544,0
13872,0
32486,1
6816,0
19761,0
16870,0
34043,1
30363,1
2306,0
32416,1
28340,1
8728,0
40808,1
15568,0
29361,1
26793,1
4236,0
40062,1
40907,1
43635,1
19611,0
28515,1
21604,1
36488,1
22245,1
18457,0
26690,1
12459,0
8970,0
37573,1
6895,0
40678,1
28301,1
2577,0
12706,0
23550,1
27795,1
43818,1
29326,1
27363,1
3407,0
26313,1
36279,1
20057,0
26391,1
5817,0
6788,0
29654,1
25628,1
44538,1
32174,1
44008,1
8083,0
21782,1
37790,1
1984,0
36213,1
8269,0
13749,0
8049,0
14113,0
13352,0
36393,1
29232,1
42801,1
2928,0
32780,1
38066,1
10440,0
22868,1
1469,0
5471,0
25646,1
31464,1
35660,1
38622,1
26852,1
19231,0
15006,0
28387,1
35345,1
25344,1
3400,0
20913,0
28691,1
12483,0
16966,0
2885,0
6291,0
34856,1
30116,1
26271,1
12826,0
21691,1
42823,1
15566,0
16137,0
24035,1
362,0
40113,1
29129,1
10583,0
821,0
44586,1
26580,1
19197,0
30503,1
2847,0
26794,1
28471,1
24177,1
35646,1
22181,1
42154,1
14810,0
13014,0
18578,0
40491,1
42419,1
16208,0
1545,0
31546,1
24602,1
185,0
39269,1
26000,1
8154,0
16542,0
35321,1
44346,1
10872,0
10721,0
8873,0
26891,1
38249,1
43724,1
35959,1
3272,0
1181,0
43485,1
10244,0
27696,1
600,0
8945,0
13438,0
20037,0
21097,0
3745,0
39392,1
36992,1
26423,1
15658,0
35399,1
2641,0
8163,0
11194,0
764,0
38150,1
1370,0
42639,1
23112,1
9982,0
39426,1
41941,1
20041,0
9399,0
29909,1
38366,1
30403,1
6185,0
23109,1
30018,1
42970,1
42696,1
6781,0
19214,0
6544,0
6440,0
26351,1
42291,1
38433,1
40261,1
40098,1
42281,1
19276,0
13426,0
10003,0
484,0
3019,0
25082,1
37477,1
18575,0
40996,1
22006,1
10758,0
36469,1
17998,0
27835,1
21355,0
23848,1
30830,1
1696,0
17681,0
18493,0
15520,0
21365,0
5613,0
15098,0
23187,1
17722,0
41563,1
38167,1
20352,0
6844,0
27971,1
12963,0
36322,1
20696,0
29629,1
39614,1
5955,0
17289,0
440,0
38073,1
31012,1
40293,1
11815,0
33196,1
2470,0
16197,0
38326,1
27809,1
20561,0
37727,1
11372,0
39863,1
37294,1
34501,1
1230,0
31073,1
14014,0
44616,1
28578,1
7859,0
13775,0
37425,1
42134,1
27833,1
30259,1
27584,1
13414,0
1540,0
7683,0
37594,1
3235,0
15714,0
21724,1
23591,1
1155,0
16086,0
41956,1
33991,1
43294,1
23043,1
4805,0
1216,0
24306,1
18709,0
9618,0
26599,1
8140,0
13357,0
21928,1
14782,0
18148,0
22789,1
42806,1
38664,1
2632,0
26625,1
18441,0
2857,0
20936,0
20967,0
1792,0
23196,1
9379,0
4507,0
39155,1
30981,1
17064,0
44374,1
27857,1
8168,0
24396,1
21295,0
1286,0
42557,1
41556,1
41713,1
5915,0
27403,1
29162,1
24196,1
25472,1
11604,0
21849,1
26613,1
11637,0
17648,0
37202,1
3508,0
35946,1
13463,0
18852,0
16753,0
15661,0
30716,1
31047,1
38548,1
28214,1
25878,1
12931,0
16648,0
32616,1
43259,1
32679,1
5310,0
29646,1
40375,1
36419,1
23390,1
14112,0
44198,1
40469,1
43494,1
19563,0
18938,0
39013,1
28032,1
30399,1
17801,0
38305,1
3134,0
456,0
36590,1
33220,1
26045,1
21795,1
7595,0
40267,1
14499,0
9184,0
5741,0
23697,1
35960,1
31528,1
38098,1
36986,1
42327,1
1268,0
644,0
3225,0
4520,0
38817,1
886,0
8659,0
3664,0
6660,0
15613,0
22482,1
29763,1
15987,0
3657,0
7162,0
33722,1
25885,1
4139,0
37268,1
8561,0
38441,1
8895,0
8235,0
40218,1
17380,0
4717,0
16871,0
17914,0
7910,0
13584,0
21367,0
38063,1
32141,1
1093,0
22103,1
27802,1
21546,1
25312,1
25075,1
31414,1
7340,0
11210,0
40626,1
36457,1
18137,0
34884,1
8879,0
43656,1
1489,0
39375,1
9312,0
30284,1
13937,0
27328,1
21527,1
10388,0
28049,1
18114,0
6133,0
43454,1
41069,1
43512,1
8348,0
13001,0
1836,0
8264,0
24635,1
9643,0
13022,0
30277,1
27570,1
1804,0
17126,0
31124,1
6300,0
28792,1
41487,1
20624,0
24972,1
13740,0
18326,0
40822,1
11501,0
8237,0
13405,0
18444,0
22227,1
20528,0
24988,1
40238,1
7108,0
19826,0
22903,1
10894,0
23033,1
22172,1
13901,0
355,0
28555,1
41310,1
4999,0
39952,1
33303,1
18810,0
23444,1
28901,1
38403,1
11127,0
14880,0
1295,0
7238,0
43687,1
824,0
21614,1
7171,0
39882,1
13494,0
19759,0
31641,1
3588,0
18155,0
13172,0
42279,1
245,0
27602,1
39753,1
1839,0
5619,0
26517,1
38967,1
13084,0
32610,1
36787,1
11735,0
28312,1
40810,1
8015,0
26922,1
34594,1
26368,1
28958,1
27504,1
11393,0
3824,0
44603,1
873,0
40663,1
43270,1
43514,1
12712,0
9007,0
12010,0
272,0
20307,0
10815,0
43336,1
10408,0
37073,1
32453,1
16352,0
7771,0
44712,1
94,0
31446,1
31896,1
19689,0
2278,0
44217,1
21772,1
9059,0
27465,1
7262,0
35634,1
27967,1
4593,0
7464,0
8711,0
18710,0
8996,0
3756,0
15966,0
40269,1
29248,1
26620,1
1280,0
35231,1
38821,1
4547,0
20708,0
35643,1
31003,1
14860,0
31278,1
24950,1
8265,0
10287,0
32518,1
13807,0
3462,0
39758,1
30221,1
28189,1
777,0
1420,0
32522,1
28661,1
9696,0
13742,0
36149,1
6764,0
15271,0
43036,1
6197,0
21486,1
43478,1
28981,1
10730,0
40368,1
31487,1
35295,1
16087,0
10219,0
1739,0
22914,1
38771,1
34260,1
13811,0
21770,1
40240,1
2511,0
1088,0
36737,1
17588,0
5977,0
24364,1
8901,0
10694,0
1187,0
39798,1
9489,0
22885,1
15943,0
16401,0
28443,1
3832,0
19342,0
37367,1
40903,1
29209,1
6967,0
13017,0
2399,0
28126,1
10750,0
36423,1
34590,1
31443,1
38579,1
31473,1
15986,0
12465,0
2610,0
8323,0
26503,1
19517,0
20405,0
30380,1
3939,0
3819,0
11981,0
20779,0
35540,1
5547,0
21677,1
23997,1
7472,0
12724,0
40242,1
2067,0
4667,0
26091,1
39445,1
24302,1
43210,1
39887,1
33314,1
32635,1
5719,0
15739,0
21603,1
39157,1
31989,1
19702,0
17192,0
29477,1
34441,1
39694,1
28227,1
32492,1
38387,1
10482,0
44309,1
23776,1
10018,0
30914,1
22011,1
23827,1
28477,1
33581,1
32504,1
24894,1
20979,0
14432,0
33321,1
9553,0
22391,1
8204,0
18540,0
28955,1
41910,1
32802,1
27670,1
25623,1
17113,0
40096,1
1434,0
8775,0
7918,0
16329,0
25152,1
27277,1
19947,0
10205,0
18078,0
39531,1
21274,0
8621,0
5189,0
21847,1
30661,1
36188,1
3409,0
554,0
9420,0
168,0
25253,1
30351,1
16538,0
1741,0
38331,1
36572,1
18425,0
14571,0
41754,1
22752,1
33552,1
16437,0
35932,1
7590,0
28108,1
34075,1
7449,0
37755,1
43638,1
44450,1
22134,1
6532,0
29235,1
35951,1
7382,0
7704,0
24054,1
4833,0
38627,1
1104,0
19424,0
39776,1
31157,1
18931,0
37560,1
42982,1
30541,1
11191,0
34542,1
23191,1
28512,1
32304,1
972,0
20652,0
2721,0
1147,0
44178,1
370,0
34458,1
2625,0
16638,0
8675,0
29915,1
30687,1
13467,0
10814,0
11536,0
23366,1
25512,1
24292,1
40700,1
35215,1
15010,0
44589,1
14173,0
41790,1
9508,0
4144,0
6935,0
34308,1
39850,1
20128,0
35325,1
39954,1
42004,1
13933,0
12479,0
22808,1
44233,1
11237,0
41497,1
30867,1
24831,1
23246,1
15576,0
19714,0
44465,1
7548,0
8243,0
39938,1
38605,1
4924,0
31821,1
4817,0
4327,0
12482,0
34521,1
3149,0
44507,1
25158,1
12208,0
13597,0
25940,1
27174,1
15013,0
3896,0
2767,0
15753,0
17500,0
39912,1
23336,1
35070,1
10316,0
4839,0
1673,0
22105,1
37665,1
25758,1
9208,0
37112,1
22565,1
6963,0
7729,0
7658,0
3408,0
18299,0
17002,0
14292,0
27016,1
21122,0
33174,1
13815,0
37816,1
25273,1
42040,1
38542,1
27938,1
11156,0
1482,0
29134,1
36908,1
43424,1
2436,0
13105,0
25192,1
40479,1
1666,0
31712,1
42439,1
28579,1
41770,1
17249,0
36995,1
10275,0
8739,0
22748,1
208,0
39461,1
24957,1
20372,0
8183,0
10473,0
14215,0
34518,1
17778,0
15723,0
35931,1
13945,0
13805,0
6173,0
28369,1
16448,0
18452,0
29957,1
8686,0
16719,0
35100,1
5533,0
5545,0
564,0
36115,1
7312,0
29765,1
13360,0
37394,1
44028,1
24128,1
36924,1
12986,0
44334,1
30404,1
29928,1
117,0
15392,0
25916,1
41327,1
3351,0
18193,0
4858,0
37578,1
12303,0
5057,0
934,0
20610,0
8950,0
3845,0
20222,0
14826,0
26874,1
3675,0
24736,1
5836,0
10172,0
26998,1
3112,0
39829,1
20570,0
30522,1
25411,1
1408,0
12892,0
19438,0
20863,0
9215,0
170,0
31827,1
42912,1
43874,1
27561,1
42351,1
19774,0
13487,0
31240,1
2574,0
26300,1
33353,1
4637,0
16243,0
4343,0
21257,0
3589,0
15400,0
43614,1
43276,1
27634,1
8126,0
9768,0
18514,0
36179,1
42516,1
14423,0
19583,0
21524,1
23131,1
4263,0
43414,1
12450,0
13164,0
25592,1
1702,0
43266,1
36208,1
8198,0
44745,1
5788,0
41161,1
12910,0
31264,1
31498,1
7947,0
43617,1
13592,0
35255,1
27138,1
41985,1
31392,1
37860,1
4862,0
4178,0
33786,1
1047,0
2591,0
4847,0
7031,0
12250,0
30247,1
7523,0
26463,1
10937,0
1040,0
30525,1
10114,0
34606,1
25656,1
16325,0
23688,1
37189,1
34596,1
32435,1
9741,0
5895,0
29811,1
29082,1
38380,1
5932,0
6177,0
16594,0
40785,1
26397,1
17568,0
3597,0
4077,0
16439,0
7034,0
16875,0
10847,0
41494,1
37577,1
22525,1
19706,0
2700,0
4230,0
27615,1
39463,1
34177,1
6131,0
18498,0
24240,1
27726,1
19541,0
25814,1
27173,1
20256,0
35524,1
37039,1
32318,1
34010,1
2228,0
511,0
21807,1
34321,1
4072,0
29450,1
36225,1
17221,0
11070,0
40202,1
25535,1
1941,0
36637,1
871,0
25377,1
23564,1
3004,0
19730,0
17103,0
15715,0
3115,0
17212,0
7414,0
5479,0
40600,1
6715,0
27538,1
6662,0
26767,1
35964,1
35238,1
33498,1
35769,1
17640,0
27850,1
32438,1
34138,1
9455,0
5562,0
30063,1
37730,1
13299,0
3215,0
11766,0
25851,1
21642,1
44829,1
13411,0
15306,0
35208,1
37349,1
9494,0
41626,1
24679,1
12702,0
17056,0
12405,0
35930,1
44445,1
19160,0
11057,0
7180,0
28798,1
29068,1
1177,0
23232,1
16543,0
25690,1
39619,1
11792,0
10735,0
24233,1
19360,0
16385,0
41034,1
7022,0
19334,0
27518,1
32951,1
6126,0
1629,0
2954,0
26774,1
43272,1
41523,1
19840,0
43398,1
10569,0
14327,0
44000,1
642,0
7819,0
1148,0
31835,1
3342,0
17331,0
1803,0
44243,1
33930,1
37051,1
36960,1
43289,1
29568,1
32006,1
19340,0
6474,0
44865,1
25782,1
3984,0
37937,1
31654,1
14212,0
17633,0
13373,0
28582,1
15222,0
33849,1
23720,1
16258,0
795,0
21548,1
12504,0
42405,1
9675,0
10354,0
7362,0
8903,0
43808,1
27867,1
15833,0
17037,0
379,0
26594,1
19481,0
9522,0
12671,0
21422,1
26541,1
7509,0
29440,1
44333,1
6732,0
18694,0
39598,1
20135,0
12355,0
13380,0
8736,0
18439,0
5151,0
13725,0
4740,0
40395,1
41868,1
22343,1
25945,1
4825,0
7349,0
2101,0
21217,0
20172,0
18398,0
22030,1
19504,0
3869,0
33643,1
37484,1
23147,1
20384,0
19492,0
5365,0
39821,1
6753,0
28331,1
5607,0
41035,1
20853,0
10794,0
5366,0
37279,1
27432,1
36065,1
1868,0
40181,1
43403,1
39285,1
7528,0
13375,0
25418,1
35059,1
30265,1
7551,0
20333,0
30066,1
30438,1
3091,0
32716,1
37743,1
6899,0
22142,1
32144,1
25349,1
25792,1
38040,1
5675,0
22660,1
4351,0
14788,0
42179,1
2949,0
7440,0
10238,0
17771,0
29166,1
10613,0
13015,0
29774,1
23352,1
1045,0
13703,0
35961,1
11592,0
15207,0
35835,1
43552,1
36526,1
34688,1
23519,1
20237,0
657,0
44533,1
39752,1
2734,0
19814,0
14315,0
2897,0
23925,1
16104,0
13028,0
43820,1
34390,1
6213,0
38117,1
32587,1
7842,0
38317,1
26526,1
40300,1
42814,1
43920,1
44081,1
44054,1
12958,0
6250,0
26062,1
37443,1
31879,1
27581,1
15997,0
39660,1
23666,1
23704,1
25643,1
35313,1
11171,0
23094,1
14685,0
32959,1
13612,0
922,0
17593,0
27479,1
29161,1
28722,1
18699,0
44555,1
34609,1
37146,1
31255,1
19118,0
14751,0
44858,1
28106,1
37090,1
41130,1
5216,0
3128,0
31796,1
43237,1
13035,0
7229,0
41294,1
38994,1
26231,1
618,0
20453,0
13163,0
1381,0
8234,0
36477,1
37710,1
1201,0
41812,1
7832,0
41051,1
5761,0
1719,0
37266,1
6002,0
35957,1
1561,0
37902,1
42523,1
22856,1
16832,0
2328,0
36332,1
31608,1
44740,1
25660,1
3348,0
18519,0
21096,0
12068,0
25629,1
5404,0
23133,1
13096,0
2906,0
31423,1
18617,0
43044,1
26643,1
30430,1
4485,0
20873,0
26309,1
31262,1
4652,0
24518,1
1760,0
17481,0
7283,0
9517,0
10685,0
5530,0
29076,1
13192,0
6025,0
14030,0
8519,0
5813,0
12239,0
14281,0
13456,0
3577,0
8844,0
43861,1
39313,1
13794,0
43519,1
30774,1
16959,0
17054,0
14677,0
237,0
26857,1
16216,0
44594,1
12053,0
30870,1
26729,1
9316,0
30993,1
1154,0
18350,0
29604,1
8938,0
30978,1
11854,0
38714,1
43651,1
41785,1
19275,0
40504,1
8619,0
8839,0
22712,1
44206,1
20958,0
13490,0
20726,0
25816,1
29291,1
20331,0
11802,0
44716,1
34371,1
39545,1
23183,1
31247,1
44796,1
1992,0
39571,1
34721,1
17392,0
33414,1
23554,1
25190,1
40516,1
28794,1
6793,0
41264,1
7979,0
25565,1
1641,0
13604,0
41033,1
31010,1
36281,1
5345,0
6857,0
6247,0
40484,1
14378,0
25581,1
30152,1
15367,0
7459,0
26804,1
41884,1
14125,0
6095,0
43567,1
34768,1
22422,1
38102,1
37347,1
31866,1
21460,1
36467,1
26514,1
1504,0
24408,1
16867,0
35447,1
7246,0
4320,0
12284,0
22128,1
18116,0
40426,1
34058,1
7102,0
41457,1
32122,1
27286,1
38276,1
28594,1
40920,1
21157,0
10130,0
6450,0
33883,1
9816,0
43865,1
37996,1
26146,1
16615,0
20077,0
14138,0
34421,1
14774,0
10700,0
18568,0
32146,1
43282,1
20871,0
8238,0
24768,1
31666,1
39018,1
19198,0
35915,1
11473,0
2637,0
8097,0
37113,1
26929,1
11329,0
32399,1
15154,0
21318,0
44747,1
27941,1
12768,0
35259,1
43016,1
19672,0
24834,1
30624,1
19667,0
6034,0
28834,1
37019,1
35502,1
30278,1
29625,1
33548,1
43018,1
27571,1
14395,0
11843,0
10828,0
41984,1
36468,1
499,0
15465,0
28365,1
22166,1
32696,1
44787,1
6209,0
8129,0
17551,0
8990,0
27870,1
44315,1
32872,1
25534,1
7513,0
35746,1
1359,0
43370,1
37077,1
25263,1
35211,1
43593,1
15619,0
1380,0
24809,1
35911,1
14899,0
979,0
28963,1
41859,1
41305,1
30824,1
15509,0
23212,1
35612,1
20159,0
4574,0
24818,1
37980,1
17758,0
5981,0
30183,1
10299,0
8936,0
18082,0
37819,1
836,0
32652,1
7518,0
32105,1
42455,1
12745,0
29712,1
36669,1
16818,0
25765,1
38280,1
29079,1
18259,0
21377,0
35926,1
41159,1
17522,0
25358,1
41636,1
9651,0
14409,0
25130,1
822,0
41160,1
13447,0
39902,1
14805,0
40552,1
23598,1
35146,1
37309,1
17097,0
10439,0
11961,0
39709,1
33296,1
34752,1
11687,0
43698,1
31200,1
32923,1
37107,1
16981,0
7986,0
17247,0
15050,0
26865,1
31496,1
17856,0
31963,1
7485,0
18179,0
11112,0
16094,0
13551,0
32933,1
7408,0
34806,1
13116,0
34773,1
31988,1
37205,1
40916,1
38312,1
38034,1
39359,1
44229,1
43527,1
36319,1
26569,1
5917,0
20593,0
37122,1
32763,1
22524,1
15258,0
20088,0
40713,1
24188,1
11306,0
44771,1
3470,0
1932,0
18218,0
33379,1
14362,0
4843,0
5055,0
38319,1
44770,1
40088,1
27796,1
17174,0
24146,1
25468,1
40154,1
43216,1
15309,0
35912,1
38503,1
42161,1
33539,1
8449,0
27430,1
11425,0
26236,1
11174,0
4729,0
1421,0
2608,0
39691,1
15437,0
11647,0
21067,0
38080,1
30891,1
27819,1
25815,1
3117,0
22388,1
26946,1
33744,1
4357,0
23272,1
26947,1
7680,0
36366,1
38364,1
26332,1
3846,0
4646,0
16631,0
7623,0
15248,0
5152,0
24639,1
3787,0
33129,1
22073,1
13043,0
6210,0
7573,0
1398,0
10262,0
27356,1
3440,0
16497,0
18675,0
34470,1
374,0
14725,0
2999,0
19665,0
24040,1
16256,0
15094,0
6378,0
37705,1
40201,1
34693,1
26720,1
7987,0
26383,1
20733,0
1204,0
35368,1
15548,0
25255,1
39101,1
5109,0
16840,0
23060,1
9318,0
1627,0
35121,1
33412,1
29211,1
11644,0
30457,1
37295,1
37267,1
6699,0
24406,1
41049,1
30791,1
3962,0
44104,1
29609,1
6947,0
25404,1
14086,0
33882,1
40798,1
14371,0
8135,0
41302,1
14730,0
19883,0
14712,0
7625,0
3487,0
11871,0
5892,0
22574,1
30953,1
27722,1
26843,1
30537,1
11568,0
18887,0
3667,0
25016,1
44085,1
41606,1
15786,0
41430,1
9684,0
26911,1
21045,0
11360,0
5249,0
27652,1
39291,1
7395,0
19943,0
913,0
8256,0
6302,0
16803,0
13449,0
15346,0
7090,0
22299,1
1321,0
23355,1
29714,1
18013,0
11293,0
27935,1
28411,1
38253,1
22676,1
28517,1
1074,0
9706,0
28395,1
4567,0
20361,0
23990,1
27683,1
18983,0
17098,0
8679,0
34755,1
15551,0
41681,1
30447,1
34244,1
35110,1
25008,1
41304,1
36974,1
15805,0
2106,0
12790,0
37374,1
9936,0
714,0
17205,0
20246,0
3642,0
14859,0
3044,0
9041,0
16469,0
31425,1
9555,0
39937,1
26655,1
32216,1
36886,1
24474,1
41123,1
3369,0
36805,1
20178,0
2893,0
17309,0
12597,0
29672,1
19872,0
42063,1
33718,1
36858,1
14287,0
25614,1
25844,1
10497,0
35867,1
15431,0
26733,1
12037,0
9773,0
36217,1
26863,1
39681,1
11623,0
27246,1
29267,1
37859,1
39296,1
4926,0
29656,1
41991,1
30546,1
7072,0
37327,1
2970,0
33908,1
38851,1
15407,0
11192,0
13507,0
36987,1
19240,0
9569,0
19388,0
1996,0
41831,1
3537,0
18138,0
989,0
34028,1
32815,1
22365,1
31709,1
1137,0
1075,0
8292,0
14992,0
37829,1
35346,1
42329,1
34476,1
2292,0
24399,1
27178,1
30949,1
16025,0
42335,1
42041,1
383,0
15015,0
28338,1
24909,1
37557,1
33256,1
35442,1
34027,1
25812,1
9760,0
18277,0
31481,1
24603,1
24382,1
9700,0
32195,1
21972,1
13474,0
31143,1
23895,1
2010,0
42207,1
31151,1
26340,1
22185,1
17327,0
35155,1
43277,1
36925,1
14408,0
38454,1
35688,1
9896,0
25615,1
28274,1
37410,1
11696,0
31075,1
44489,1
20659,0
38700,1
19322,0
43644,1
44312,1
27840,1
38970,1
3493,0
30759,1
35948,1
30042,1
1366,0
32575,1
32837,1
31904,1
12634,0
43343,1
9726,0
7651,0
5731,0
1670,0
18517,0
15414,0
1130,0
36029,1
34097,1
30982,1
6079,0
22032,1
7377,0
27969,1
25259,1
23982,1
15293,0
28741,1
6558,0
888,0
29769,1
17554,0
23049,1
23407,1
8055,0
17123,0
18219,0
24747,1
37329,1
19660,0
29285,1
21317,0
16169,0
43670,1
8991,0
1235,0
35337,1
13904,0
24478,1
28835,1
35477,1
20837,0
18627,0
13569,0
15518,0
40536,1
8358,0
38022,1
43674,1
4401,0
25869,1
1513,0
20191,0
4748,0
20589,0
33422,1
31448,1
20320,0
12057,0
33278,1
42053,1
39721,1
16856,0
10294,0
43590,1
31972,1
26864,1
33004,1
26111,1
14329,0
25760,1
44089,1
42137,1
19406,0
12327,0
8861,0
27693,1
26761,1
4837,0
35253,1
34490,1
38852,1
15632,0
11727,0
39922,1
7378,0
33969,1
17272,0
3474,0
27893,1
43196,1
33,0
39744,1
17698,0
3385,0
5464,0
39202,1
8343,0
17422,0
19610,0
31635,1
41036,1
29066,1
14387,0
13398,0
1105,0
25579,1
39877,1
2381,0
16918,0
34078,1
19537,0
30330,1
24050,1
44689,1
44693,1
10762,0
27979,1
36799,1
32344,1
6595,0
28421,1
5414,0
36981,1
10234,0
16005,0
42000,1
6585,0
22346,1
20942,0
19473,0
27533,1
13510,0
5654,0
7863,0
26768,1
6290,0
454,0
37462,1
34140,1
16988,0
6031,0
14007,0
37806,1
23316,1
10293,0
43604,1
26978,1
39299,1
41324,1
34580,1
39667,1
31771,1
285,0
41633,1
2740,0
4892,0
31360,1
13358,0
6968,0
23939,1
25888,1
889,0
12436,0
23369,1
34063,1
31997,1
27080,1
26206,1
12230,0
20920,0
27032,1
22440,1
19546,0
15758,0
27221,1
2201,0
18834,0
34466,1
7347,0
40546,1
44020,1
26110,1
10885,0
25233,1
21714,1
31049,1
22664,1
14413,0
2161,0
44395,1
25572,1
5395,0
8579,0
17105,0
44035,1
41811,1
26087,1
13407,0
27047,1
36838,1
3807,0
41937,1
4750,0
4363,0
36444,1
37740,1
11262,0
8563,0
10896,0
18987,0
36150,1
35909,1
1183,0
31653,1
37140,1
42372,1
16227,0
42383,1
22736,1
1480,0
26115,1
9051,0
18323,0
19952,0
14064,0
40023,1
20031,0
23185,1
23385,1
10855,0
22060,1
10021,0
13696,0
33393,1
14033,0
6330,0
41272,1
8529,0
6934,0
7174,0
9181,0
37441,1
1890,0
39197,1
29419,1
33632,1
9339,0
2218,0
32326,1
31856,1
28302,1
17960,0
37939,1
42030,1
11842,0
32705,1
9542,0
3169,0
27697,1
3764,0
7289,0
2560,0
40887,1
74,0
8520,0
7328,0
34910,1
13847,0
8650,0
43600,1
41111,1
41110,1
2114,0
311,0
20117,0
36299,1
3767,0
18798,0
12916,0
1090,0
39779,1
30145,1
14565,0
24660,1
19624,0
34019,1
40540,1
11611,0
25555,1
11483,0
21956,1
33028,1
14418,0
963,0
34425,1
5240,0
2238,0
16908,0
2141,0
18385,0
33194,1
6607,0
38736,1
16809,0
39425,1
3877,0
29788,1
2616,0
10216,0
44583,1
21284,0
33431,1
5491,0
16348,0
11498,0
26436,1
32914,1
34273,1
26402,1
10108,0
16805,0
19608,0
3297,0
510,0
39696,1
11706,0
13003,0
41156,1
22409,1
22188,1
6904,0
1634,0
9018,0
12571,0
33739,1
13639,0
42480,1
40782,1
38754,1
22002,1
39827,1
14430,0
14588,0
12158,0
35690,1
39417,1
24122,1
31909,1
27928,1
34112,1
34817,1
2256,0
44463,1
7606,0
38554,1
6945,0
40488,1
38880,1
39686,1
21439,1
29124,1
24526,1
24820,1
5158,0
35328,1
1186,0
8053,0
17214,0
5594,0
25145,1
26536,1
31000,1
26878,1
31733,1
42678,1
5251,0
21530,1
17775,0
758,0
23597,1
38085,1
33302,1
6148,0
18923,0
19027,0
33543,1
21402,0
29167,1
26491,1
22283,1
8525,0
16118,0
40703,1
15155,0
21330,0
19255,0
7161,0
6847,0
25447,1
13505,0
2146,0
40134,1
31109,1
21290,0
32061,1
16860,0
18708,0
34928,1
27451,1
30832,1
25538,1
2432,0
33729,1
9299,0
4877,0
30622,1
12477,0
4347,0
3357,0
13495,0
34436,1
18165,0
6118,0
16413,0
8007,0
10427,0
24774,1
15277,0
25496,1
2602,0
12211,0
21428,1
11517,0
1499,0
7132,0
15767,0
44804,1
20714,0
3399,0
27234,1
9413,0
24704,1
25542,1
7198,0
37096,1
32306,1
13556,0
2521,0
8003,0
20338,0
6220,0
27289,1
20723,0
24634,1
37925,1
10425,0
37203,1
11408,0
7948,0
21462,1
32079,1
24882,1
3001,0
23441,1
11846,0
38194,1
7684,0
35699,1
24578,1
34744,1
25804,1
25423,1
5611,0
19295,0
11764,0
9169,0
35449,1
12331,0
6010,0
40437,1
13598,0
17945,0
31631,1
27622,1
41975,1
25958,1
15089,0
9761,0
24807,1
13936,0
42761,1
20042,0
20138,0
37299,1
41260,1
31552,1
23857,1
24414,1
36712,1
5899,0
38087,1
3676,0
20972,0
30568,1
14137,0
36122,1
9190,0
16763,0
42629,1
33597,1
42029,1
25481,1
22909,1
24524,1
4210,0
29956,1
988,0
1116,0
44599,1
7114,0
16852,0
14786,0
25507,1
20166,0
7708,0
22406,1
15386,0
12716,0
16880,0
27182,1
34541,1
38408,1
31357,1
18133,0
33506,1
9701,0
12804,0
22118,1
25785,1
20791,0
10849,0
38169,1
26410,1
16467,0
22600,1
17285,0
30729,1
12725,0
4049,0
43249,1
15350,0
34175,1
32916,1
30612,1
22291,1
8088,0
41336,1
30352,1
18136,0
18249,0
1064,0
13110,0
3949,0
22016,1
141,0
27926,1
31397,1
19904,0
24710,1
3301,0
12218,0
255,0
38688,1
41502,1
3852,0
5769,0
33703,1
6466,0
14419,0
17455,0
27460,1
15024,0
26981,1
27908,1
16612,0
13988,0
39079,1
13568,0
11593,0
29048,1
7469,0
34325,1
1775,0
31337,1
41716,1
19905,0
26894,1
30807,1
15211,0
29003,1
33218,1
43668,1
23865,1
41837,1
18522,0
41469,1
33568,1
38583,1
34435,1
43029,1
16560,0
43463,1
40464,1
36430,1
36630,1
25746,1
34975,1
24019,1
29323,1
18480,0
21555,1
7982,0
10691,0
3856,0
8320,0
733,0
17202,0
13799,0
37186,1
25834,1
22666,1
24915,1
3292,0
9855,0
2595,0
44725,1
3076,0
4480,0
27439,1
9311,0
37389,1
36045,1
44574,1
8492,0
18319,0
3968,0
17697,0
20267,0
33281,1
7130,0
23430,1
33416,1
14072,0
27598,1
36510,1
36519,1
34396,1
31015,1
11254,0
39880,1
41795,1
37691,1
12973,0
3510,0
25552,1
44123,1
43900,1
32999,1
3053,0
25830,1
11021,0
43957,1
7790,0
13558,0
39480,1
44177,1
12007,0
21209,0
30988,1
21856,1
19379,0
36163,1
13772,0
28897,1
10566,0
33460,1
16085,0
38278,1
32129,1
36237,1
17580,0
41357,1
10107,0
27211,1
17019,0
18455,0
37597,1
7052,0
41019,1
10510,0
6280,0
30854,1
2456,0
11656,0
1079,0
9519,0
38978,1
9405,0
1973,0
35000,1
11665,0
21144,0
43481,1
4644,0
17009,0
29514,1
36358,1
15000,0
36932,1
1517,0
41097,1
41407,1
41614,1
5163,0
11575,0
14414,0
25924,1
15810,0
27973,1
20709,0
10859,0
11657,0
4110,0
41194,1
19452,0
36622,1
10280,0
9022,0
29984,1
39015,1
29897,1
25648,1
17829,0
40766,1
44396,1
40358,1
13711,0
6375,0
32436,1
21824,1
33280,1
24776,1
8363,0
21963,1
18719,0
19191,0
28869,1
390,0
22650,1
39743,1
40715,1
41175,1
16558,0
24604,1
17485,0
11118,0
36597,1
12603,0
37014,1
20852,0
40847,1
30959,1
3859,0
36977,1
35126,1
44752,1
42251,1
37463,1
7806,0
20220,0
11791,0
8061,0
25896,1
15319,0
13653,0
32561,1
29067,1
42285,1
10968,0
30120,1
44101,1
16455,0
8376,0
29295,1
8466,0
6975,0
15426,0
23927,1
12831,0
12417,0
8617,0
5424,0
20197,0
3266,0
31590,1
35947,1
25445,1
7193,0
28675,1
34378,1
6319,0
22158,1
4215,0
16390,0
28276,1
40935,1
27854,1
17228,0
44343,1
32009,1
39600,1
29088,1
23480,1
14814,0
21975,1
13771,0
16490,0
44679,1
18102,0
30526,1
2792,0
4660,0
18518,0
22395,1
9452,0
42388,1
23778,1
36139,1
25428,1
44340,1
35039,1
38683,1
31186,1
35787,1
43265,1
31680,1
30434,1
27092,1
38362,1
41219,1
6534,0
6912,0
42510,1
11370,0
7237,0
36487,1
28370,1
26319,1
12299,0
23840,1
9915,0
35278,1
36014,1
23822,1
33759,1
1993,0
33034,1
8187,0
29492,1
14417,0
13522,0
7532,0
32421,1
2127,0
38767,1
5662,0
9300,0
40399,1
16441,0
2388,0
1471,0
11599,0
9432,0
24527,1
29105,1
19911,0
10469,0
27467,1
5383,0
24707,1
8360,0
25493,1
44668,1
27776,1
25515,1
2723,0
11967,0
40216,1
19493,0
13092,0
16774,0
1559,0
26448,1
35941,1
22891,1
28782,1
35217,1
7373,0
12193,0
6750,0
19434,0
4427,0
41321,1
36405,1
30897,1
9306,0
7106,0
6205,0
33751,1
25132,1
7286,0
33420,1
8151,0
21214,0
17433,0
29229,1
14087,0
6239,0
37848,1
29974,1
21715,1
5190,0
15937,0
12616,0
2393,0
8825,0
23438,1
8253,0
17401,0
6045,0
29227,1
14386,0
5554,0
42188,1
44368,1
2806,0
12845,0
33259,1
43529,1
43850,1
14088,0
4811,0
10076,0
35490,1
10397,0
12467,0
17436,0
7322,0
3431,0
25617,1
40893,1
38211,1
42626,1
43640,1
10639,0
32689,1
4193,0
25083,1
9577,0
31975,1
43302,1
3447,0
24783,1
39881,1
39212,1
20298,0
6719,0
8876,0
26401,1
36215,1
8646,0
5481,0
31166,1
16285,0
42820,1
3800,0
5177,0
30118,1
30080,1
4684,0
24995,1
38809,1
15313,0
19116,0
41271,1
29180,1
36830,1
34148,1
33570,1
34127,1
42328,1
43451,1
32620,1
20464,0
8726,0
9294,0
43955,1
41666,1
7591,0
30823,1
42551,1
10314,0
28870,1
13143,0
10619,0
30201,1
28948,1
38629,1
14326,0
22160,1
36032,1
35750,1
43347,1
27018,1
28358,1
5906,0
8482,0
25128,1
9091,0
19423,0
2022,0
8418,0
39219,1
36578,1
20795,0
24379,1
3296,0
22347,1
20989,0
40609,1
25747,1
34514,1
4952,0
37911,1
1712,0
33122,1
20525,0
4540,0
1041,0
37353,1
11308,0
18761,0
38427,1
40845,1
30518,1
33874,1
9356,0
25983,1
27346,1
27913,1
10480,0
19623,0
38491,1
19477,0
44726,1
18347,0
8787,0
6248,0
21442,1
30239,1
35426,1
43537,1
9799,0
35095,1
20793,0
10271,0
12055,0
35376,1
34483,1
6432,0
14049,0
32940,1
34422,1
1185,0
5485,0
7857,0
2021,0
23740,1
39940,1
35068,1
44384,1
42347,1
8508,0
27557,1
24318,1
44622,1
40108,1
15245,0
30649,1
20236,0
18055,0
10312,0
31192,1
10533,0
25977,1
39372,1
29969,1
27108,1
29257,1
42829,1
35607,1
8162,0
36189,1
32968,1
7844,0
13649,0
21196,0
31078,1
12438,0
39045,1
35448,1
14198,0
31450,1
41028,1
41396,1
1613,0
3471,0
16294,0
593,0
5546,0
23379,1
30789,1
44561,1
16896,0
8429,0
33580,1
16402,0
15829,0
32013,1
26626,1
26312,1
29333,1
40710,1
4341,0
1260,0
32702,1
31306,1
8144,0
25513,1
1114,0
37565,1
34574,1
31715,1
42023,1
1797,0
23493,1
2120,0
2379,0
3959,0
23409,1
40691,1
13206,0
3347,0
34179,1
22310,1
23824,1
22999,1
16478,0
2016,0
40222,1
11039,0
11319,0
34168,1
32694,1
5728,0
18832,0
41613,1
3329,0
20162,0
8623,0
34538,1
4005,0
713,0
27482,1
9889,0
39077,1
21046,0
9149,0
14654,0
1867,0
16801,0
11691,0
8969,0
6014,0
9975,0
21957,1
26656,1
16147,0
15977,0
35620,1
21639,1
37507,1
15824,0
34769,1
36688,1
15136,0
12222,0
40335,1
4712,0
43721,1
42520,1
7662,0
24553,1
16130,0
31686,1
22602,1
6146,0
33519,1
3638,0
20181,0
32048,1
44479,1
7693,0
30718,1
44245,1
30291,1
14005,0
7418,0
20370,0
3839,0
22772,1
34057,1
4436,0
6956,0
38877,1
3344,0
31687,1
37746,1
15031,0
25710,1
27544,1
5265,0
38607,1
31326,1
32571,1
42380,1
44456,1
2502,0
11901,0
20588,0
7828,0
37801,1
1683,0
27248,1
112,0
27349,1
29838,1
23362,1
18632,0
5042,0
34403,1
1843,0
36008,1
9433,0
26322,1
13790,0
37574,1
1782,0
2823,0
15092,0
37095,1
43112,1
9364,0
5026,0
36514,1
581,0
31728,1
4375,0
25837,1
11016,0
16544,0
12091,0
42324,1
20953,0
10336,0
13486,0
12491,0
43971,1
28380,1
41701,1
21572,1
33876,1
349,0
24859,1
22705,1
36356,1
24427,1
11092,0
41093,1
31543,1
44477,1
22041,1
6633,0
15544,0
23110,1
41258,1
18744,0
6230,0
38762,1
44665,1
11352,0
21719,1
11291,0
32491,1
32293,1
26596,1
15117,0
15839,0
22282,1
2651,0
43836,1
13774,0
491,0
25675,1
30110,1
21057,0
19792,0
33044,1
14723,0
14987,0
27217,1
28245,1
37662,1
36310,1
38277,1
10718,0
42640,1
13225,0
41367,1
3986,0
5241,0
33662,1
6385,0
27318,1
40934,1
3482,0
6654,0
29441,1
850,0
44682,1
16858,0
33768,1
17996,0
30453,1
6083,0
5730,0
35952,1
4384,0
17901,0
77,0
40836,1
5859,0
18146,0
40024,1
15697,0
44593,1
36890,1
25828,1
9501,0
22952,1
35667,1
6050,0
14693,0
32424,1
26996,1
38262,1
16489,0
30795,1
34838,1
42584,1
20712,0
8408,0
21878,1
19653,0
24028,1
3035,0
28550,1
31675,1
31470,1
40035,1
29991,1
15530,0
2746,0
15816,0
20903,0
42059,1
40123,1
9607,0
33926,1
42283,1
11730,0
29026,1
33488,1
38520,1
3610,0
37047,1
7637,0
3733,0
13213,0
38825,1
10273,0
11170,0
11179,0
2048,0
1205,0
2237,0
22861,1
30685,1
28220,1
32766,1
29821,1
42605,1
13976,0
18378,0
17466,0
18178,0
43983,1
22165,1
36200,1
25708,1
30919,1
8384,0
23099,1
43042,1
38745,1
22467,1
4724,0
27636,1
39933,1
5221,0
13687,0
8756,0
40412,1
20607,0
12049,0
18342,0
5780,0
24718,1
34845,1
44699,1
34944,1
14670,0
7376,0
16745,0
41906,1
2280,0
29012,1
44430,1
42661,1
41872,1
20685,0
37428,1
29157,1
21711,1
686,0
40871,1
6724,0
16587,0
18217,0
18433,0
40037,1
23082,1
42233,1
15702,0
36938,1
38787,1
25491,1
38495,1
13457,0
10808,0
18072,0
1414,0
1368,0
26676,1
31389,1
36601,1
40178,1
37856,1
2962,0
3797,0
35934,1
7067,0
8395,0
3783,0
32207,1
35886,1
20030,0
8521,0
43689,1
4515,0
30342,1
15474,0
25827,1
4624,0
27999,1
28018,1
19265,0
27823,1
33665,1
21471,1
43373,1
35029,1
20829,0
11215,0
14878,0
16406,0
24368,1
16355,0
36736,1
20257,0
35863,1
37518,1
14091,0
22148,1
36349,1
27905,1
19453,0
37303,1
41938,1
22678,1
1968,0
40295,1
34252,1
3950,0
7144,0
40861,1
37799,1
34431,1
25856,1
16540,0
39795,1
41179,1
16278,0
21995,1
29359,1
28859,1
36308,1
10200,0
20289,0
36674,1
4638,0
42298,1
22581,1
40015,1
31268,1
13499,0
20705,0
32724,1
22564,1
12775,0
24991,1
27552,1
44558,1
24262,1
29895,1
28353,1
22871,1
25183,1
34135,1
11366,0
10016,0
5996,0
39883,1
43377,1
2596,0
19358,0
31511,1
40660,1
34224,1
36551,1
6826,0
15153,0
43300,1
11493,0
33671,1
44684,1
20240,0
3985,0
28414,1
42689,1
3278,0
24625,1
14472,0
39384,1
29737,1
40509,1
28474,1
526,0
1283,0
3883,0
471,0
39469,1
4174,0
24130,1
22328,1
32807,1
44810,1
42315,1
43220,1
12259,0
17025,0
6800,0
44150,1
39957,1
15125,0
11103,0
2081,0
16397,0
18391,0
41201,1
35053,1
29099,1
26521,1
10263,0
15388,0
35132,1
38504,1
26747,1
19390,0
39646,1
25882,1
42530,1
22961,1
26696,1
1457,0
16624,0
27044,1
38455,1
40442,1
17728,0
42987,1
38896,1
13367,0
40829,1
43575,1
12816,0
32064,1
1331,0
31127,1
10334,0
26342,1
24659,1
6567,0
40082,1
2297,0
23594,1
41378,1
17825,0
27035,1
13245,0
35369,1
12186,0
9204,0
32526,1
30190,1
12501,0
682,0
1872,0
29565,1
29185,1
31120,1
35768,1
44821,1
18100,0
21126,0
12939,0
18344,0
43040,1
2467,0
34357,1
34522,1
16962,0
10228,0
10819,0
44413,1
19595,0
36554,1
27993,1
26791,1
12988,0
19989,0
29698,1
39466,1
30911,1
31615,1
8564,0
8128,0
20431,0
10705,0
42985,1
23616,1
37659,1
42277,1
39019,1
6,0
7613,0
14343,0
23836,1
31348,1
21279,0
16281,0
23260,1
18967,0
15146,0
19082,0
39613,1
26277,1
40450,1
41818,1
33417,1
39332,1
27505,1
31892,1
41768,1
27575,1
24850,1
35441,1
23304,1
932,0
25157,1
16089,0
11557,0
29349,1
14456,0
43450,1
25955,1
32680,1
35475,1
26871,1
14835,0
23551,1
14473,0
43883,1
37487,1
33497,1
32330,1
10377,0
44067,1
37822,1
4752,0
31861,1
2018,0
1794,0
13148,0
7803,0
31663,1
12022,0
33868,1
22978,1
102,0
13381,0
18998,0
12179,0
16751,0
38486,1
38925,1
32228,1
21203,0
1747,0
41829,1
17292,0
29206,1
11113,0
21764,1
38616,1
42672,1
40017,1
16009,0
41993,1
24631,1
36818,1
26665,1
26893,1
24803,1
9781,0
11046,0
15182,0
6137,0
43226,1
11472,0
41420,1
44573,1
42144,1
15265,0
38773,1
17382,0
7446,0
12161,0
34014,1
2540,0
18383,0
44765,1
9088,0
40415,1
16675,0
21380,0
16367,0
24095,1
25331,1
15380,0
10656,0
2416,0
37314,1
17701,0
31169,1
28922,1
15792,0
37108,1
29319,1
24255,1
21049,0
14171,0
40290,1
8948,0
10102,0
35790,1
12306,0
8213,0
39910,1
5429,0
44662,1
37552,1
4599,0
26628,1
3837,0
36548,1
36455,1
10089,0
37703,1
536,0
42769,1
26627,1
40443,1
19861,0
17875,0
23498,1
40657,1
13808,0
21523,1
30884,1
34331,1
33450,1
19694,0
12810,0
3806,0
42882,1
17361,0
11085,0
19451,0
9412,0
19778,0
19536,0
22639,1
11703,0
4112,0
25737,1
9814,0
24573,1
17151,0
30114,1
15316,0
42103,1
22498,1
43215,1
17259,0
10567,0
35343,1
26182,1
14433,0
1511,0
9820,0
31645,1
29726,1
15902,0
4572,0
8537,0
6195,0
33561,1
9721,0
7101,0
44143,1
26815,1
11411,0
36828,1
10313,0
16029,0
10671,0
32737,1
13429,0
39784,1
19612,0
11309,0
40683,1
3463,0
23965,1
41061,1
44093,1
33880,1
37081,1
20678,0
18949,0
26273,1
25302,1
20090,0
15794,0
1223,0
11725,0
33976,1
37397,1
42654,1
976,0
20116,0
36936,1
7435,0
22806,1
6259,0
23123,1
20856,0
15976,0
10605,0
11373,0
9892,0
26705,1
36829,1
10458,0
20845,0
44388,1
17523,0
36112,1
1548,0
36023,1
5455,0
17828,0
27124,1
38915,1
13831,0
3562,0
11554,0
35154,1
39884,1
11409,0
14663,0
20450,0
13922,0
26058,1
20513,0
4576,0
11177,0
21285,0
27626,1
5834,0
23885,1
26544,1
37637,1
20050,0
33046,1
9928,0
32260,1
11671,0
21785,1
40475,1
21542,1
42564,1
40773,1
35853,1
36586,1
16027,0
32114,1
24749,1
17883,0
8647,0
41522,1
43317,1
12478,0
13744,0
1232,0
23211,1
9697,0
584,0
9929,0
6424,0
22763,1
10133,0
42535,1
23656,1
33566,1
22612,1
66,0
40921,1
16591,0
25870,1
10832,0
701,0
39997,1
348,0
28091,1
26315,1
42909,1
31614,1
20018,0
31514,1
31205,1
21894,1
32576,1
26693,1
38534,1
27305,1
22551,1
12485,0
11023,0
27169,1
27062,1
31041,1
23203,1
32237,1
38183,1
30245,1
24045,1
34120,1
18151,0
43097,1
32719,1
33947,1
18928,0
32196,1
15802,0
43248,1
1550,0
32917,1
43049,1
29768,1
28505,1
11395,0
35229,1
18120,0
42861,1
38733,1
36954,1
17403,0
42140,1
37780,1
22308,1
28314,1
37920,1
35813,1
39257,1
28021,1
12368,0
37025,1
15063,0
11948,0
15845,0
41830,1
38512,1
18119,0
37898,1
21307,0
17936,0
37323,1
33864,1
16298,0
12369,0
36909,1
25460,1
7120,0
25340,1
16364,0
42246,1
18453,0
9268,0
20442,0
4022,0
25103,1
2960,0
18034,0
22880,1
41289,1
29218,1
23646,1
40065,1
14844,0
39016,1
23731,1
28882,1
29355,1
44278,1
40901,1
33147,1
34507,1
38418,1
21798,1
11899,0
29580,1
16765,0
20009,0
20337,0
16780,0
38064,1
7797,0
20800,0
24219,1
38272,1
20627,0
34061,1
24829,1
42867,1
39810,1
35638,1
906,0
3906,0
43501,1
35404,1
8615,0
7504,0
7587,0
7758,0
18024,0
44756,1
3343,0
4464,0
5123,0
6365,0
40122,1
18529,0
42005,1
38985,1
35445,1
19436,0
13701,0
28030,1
8627,0
30533,1
8313,0
19586,0
43986,1
40285,1
41599,1
36806,1
26482,1
37792,1
38378,1
11376,0
30133,1
15639,0
37733,1
32221,1
33250,1
17741,0
44794,1
38374,1
43667,1
19896,0
4259,0
16736,0
22857,1
22637,1
42503,1
7170,0
12360,0
24920,1
34668,1
11913,0
13045,0
38428,1
22762,1
6386,0
43214,1
29945,1
40494,1
33499,1
11200,0
42528,1
8309,0
25971,1
4155,0
37864,1
38677,1
21090,0
36068,1
2157,0
27121,1
36625,1
4431,0
1082,0
30576,1
19246,0
29236,1
12105,0
18589,0
25539,1
8306,0
20056,0
13530,0
4457,0
38982,1
38944,1
13364,0
32214,1
34206,1
42363,1
3045,0
43200,1
2082,0
14509,0
24621,1
1193,0
31233,1
802,0
25138,1
4349,0
36269,1
40712,1
6986,0
37891,1
15193,0
37714,1
25317,1
11482,0
4157,0
35043,1
5498,0
39222,1
31206,1
37398,1
2987,0
37220,1
16674,0
21574,1
27804,1
31355,1
40731,1
40315,1
22411,1
38816,1
39194,1
15877,0
30257,1
29107,1
24592,1
998,0
39581,1
35692,1
10162,0
3827,0
30137,1
22928,1
38799,1
22392,1
32267,1
9421,0
14128,0
38421,1
42025,1
9627,0
24961,1
10643,0
12013,0
15169,0
22792,1
12624,0
23136,1
903,0
33736,1
34084,1
